elapsed_s,mode,seed,spawn_rate,iid,avg_wait_s,p95_wait_s,max_wait_s,avg_queue,max_queue,throughput_per_min,fairness_index,total_crossed,total_spawned,external_spawned,transferred_in,exited_world,red_light_violations,queue_right,queue_down,queue_left,queue_up
5.0,rl,29,1.0,0,0.000,0.000,0.000,0.889,1,0.000,0.2500,0,1,1,0,0,0,1,0,0,0
5.0,rl,29,1.0,1,0.000,0.000,0.000,0.000,0,0.000,1.0000,0,0,0,0,0,0,0,0,0,0
5.0,rl,29,1.0,2,0.000,0.000,0.000,0.444,1,0.000,0.2500,0,1,1,0,0,0,0,0,0,1
5.0,rl,29,1.0,3,0.000,0.000,0.000,0.889,2,0.000,0.7500,0,3,3,0,0,0,1,1,0,1
10.0,rl,29,1.0,0,0.000,0.000,0.000,0.737,1,5.990,0.2500,1,2,2,0,0,0,1,0,0,0
10.0,rl,29,1.0,1,0.000,0.000,0.000,0.000,0,0.000,0.2500,0,1,1,0,0,0,0,1,0,0
10.0,rl,29,1.0,2,1.292,4.533,4.533,1.579,4,5.990,0.7500,1,4,4,0,0,0,0,1,1,1
10.0,rl,29,1.0,3,2.167,3.967,3.967,1.684,3,5.990,0.5000,1,3,3,0,0,0,0,1,0,1
15.0,rl,29,1.0,0,0.000,0.000,0.000,0.897,2,7.991,0.5000,2,4,4,0,0,0,1,1,0,0
15.0,rl,29,1.0,1,0.658,2.633,2.633,0.862,4,0.000,0.6667,0,4,3,1,0,0,2,1,0,1
15.0,rl,29,1.0,2,3.896,9.533,9.533,2.069,4,3.996,0.7500,1,4,4,0,0,0,0,1,1,1
15.0,rl,29,1.0,3,4.125,8.967,8.967,1.793,3,3.996,0.7500,1,4,4,0,1,0,0,1,1,1
20.0,rl,29,1.0,0,1.633,3.517,3.517,1.158,2,5.990,0.5000,2,4,4,0,0,0,1,1,0,0
20.0,rl,29,1.0,1,2.319,7.617,7.617,1.868,7,0.000,0.5333,0,8,6,2,0,0,5,2,0,1
20.0,rl,29,1.0,2,5.123,14.550,14.550,2.211,4,5.990,0.7500,2,5,5,0,1,0,0,1,1,1
20.0,rl,29,1.0,3,4.422,13.983,13.983,2.500,5,5.990,0.6667,2,6,5,1,1,0,0,1,2,1
25.0,rl,29,1.0,0,2.703,8.033,8.033,1.312,2,7.186,0.5000,3,5,5,0,0,0,1,1,0,0
25.0,rl,29,1.0,1,4.646,10.000,10.000,2.854,8,4.790,0.3311,2,9,7,2,0,0,6,0,0,1
25.0,rl,29,1.0,2,7.130,19.567,19.567,2.188,4,7.186,0.5000,3,5,5,0,2,0,0,0,1,1
25.0,rl,29,1.0,3,5.378,19.000,19.000,3.125,7,4.790,0.8889,2,10,8,2,2,0,1,3,2,2
30.1,rl,29,1.0,0,3.707,13.050,13.050,1.293,2,7.982,0.2500,4,5,5,0,0,0,1,0,0,0
30.1,rl,29,1.0,1,6.797,15.017,15.017,3.707,8,3.991,0.3971,2,11,9,2,0,0,7,0,1,1
30.1,rl,29,1.0,2,6.948,24.583,24.583,2.207,4,7.982,0.7500,4,7,6,1,2,0,1,1,0,1
30.1,rl,29,1.0,3,6.394,24.017,24.017,4.103,9,7.982,0.7500,4,13,10,3,2,0,1,4,3,1
35.1,rl,29,1.0,0,4.710,18.067,18.067,1.254,2,6.841,0.2500,4,5,5,0,0,0,1,0,0,0
35.1,rl,29,1.0,1,9.779,20.700,20.700,4.552,11,3.420,0.5455,2,14,10,4,0,0,7,0,1,4
35.1,rl,29,1.0,2,5.603,29.600,29.600,2.612,7,6.841,0.9423,4,11,9,2,3,0,2,2,2,1
35.1,rl,29,1.0,3,8.911,29.033,29.033,4.776,10,8.551,0.5786,5,14,11,3,2,0,1,5,3,0
40.1,rl,29,1.0,0,4.761,23.083,23.083,1.325,2,5.985,0.2500,4,6,6,0,0,0,2,0,0,0
40.1,rl,29,1.0,1,11.889,24.183,24.183,5.571,13,7.481,0.5307,5,16,11,5,0,0,7,0,2,2
40.1,rl,29,1.0,2,6.949,34.617,34.617,3.117,7,8.978,0.6429,6,12,10,2,3,0,3,2,0,1
40.1,rl,29,1.0,3,10.716,34.050,34.050,5.403,10,7.481,0.5127,5,16,13,3,2,0,1,7,3,0
45.1,rl,29,1.0,0,4.723,28.100,28.100,1.540,4,5.320,0.4000,4,8,8,0,0,0,3,0,1,0
45.1,rl,29,1.0,1,13.581,29.200,29.200,6.046,13,10.639,0.3821,8,17,12,5,4,0,7,0,2,0
45.1,rl,29,1.0,2,8.474,39.633,39.633,3.448,7,7.979,0.7206,6,13,11,2,5,0,3,2,0,2
45.1,rl,29,1.0,3,12.521,39.067,39.067,5.816,11,10.639,0.3115,8,17,14,3,2,0,1,8,0,0
50.1,rl,29,1.0,0,5.993,33.117,33.117,1.784,4,5.984,0.4000,5,9,9,0,0,0,3,1,0,0
50.1,rl,29,1.0,1,14.528,34.217,34.217,6.454,13,9.574,0.4654,8,19,14,5,6,0,7,0,4,0
50.1,rl,29,1.0,2,11.524,44.650,44.650,3.784,8,9.574,0.7273,8,16,11,5,5,0,3,0,3,2
50.1,rl,29,1.0,3,13.613,44.083,44.083,6.278,11,9.574,0.3645,8,19,16,3,2,0,1,9,0,1
55.1,rl,29,1.0,0,7.122,38.133,38.133,2.028,5,5.440,0.4808,5,10,10,0,1,0,3,2,0,0
55.1,rl,29,1.0,1,16.268,39.233,39.233,6.840,13,8.704,0.5455,8,20,15,5,6,0,7,0,4,1
55.1,rl,29,1.0,2,12.014,49.667,49.667,4.255,10,8.704,0.6944,8,18,13,5,7,0,4,0,4,2
55.1,rl,29,1.0,3,15.692,49.100,49.100,6.698,12,8.704,0.4186,8,20,17,3,2,0,2,9,0,1
60.2,rl,29,1.0,0,8.765,43.150,43.150,2.319,6,4.986,0.6429,5,11,11,0,1,0,3,2,0,1
60.2,rl,29,1.0,1,17.397,41.867,44.250,7.336,13,7.978,0.6447,8,22,17,5,6,0,7,1,5,1
60.2,rl,29,1.0,2,13.775,54.683,54.683,4.767,11,7.978,0.6722,8,19,14,5,7,0,4,0,5,2
60.2,rl,29,1.0,3,16.393,37.083,50.950,6.966,13,15.956,0.6944,16,21,18,3,2,0,2,1,0,2
65.2,rl,29,1.0,0,11.502,48.167,48.167,2.611,6,4.602,0.6429,5,11,11,0,1,0,3,2,0,1
65.2,rl,29,1.0,1,19.343,46.883,49.267,7.865,14,8.284,0.6282,9,23,18,5,6,0,7,0,5,2
65.2,rl,29,1.0,2,13.416,30.900,59.700,5.103,11,11.046,0.5952,12,22,17,5,7,0,6,1,1,2
65.2,rl,29,1.0,3,16.560,37.417,50.950,6.786,13,15.648,0.6944,17,22,19,3,11,0,2,1,0,2
70.2,rl,29,1.0,0,12.017,53.183,53.183,2.911,8,4.274,0.6154,5,13,13,0,1,0,3,4,0,1
70.2,rl,29,1.0,1,20.633,51.900,54.283,8.333,15,7.692,0.7619,9,25,20,5,6,0,7,1,5,3
70.2,rl,29,1.0,2,14.990,35.917,64.717,5.370,11,11.111,0.4939,13,22,17,5,11,0,6,1,0,2
70.2,rl,29,1.0,3,16.048,42.433,50.950,6.696,13,16.239,0.6944,19,24,20,4,11,0,2,1,0,2
75.2,rl,29,1.0,0,13.560,58.200,58.200,3.041,8,7.179,0.4000,9,13,13,0,1,0,3,0,0,1
75.2,rl,29,1.0,1,22.054,53.883,56.083,8.731,16,11.965,0.7756,15,26,21,5,6,0,2,1,5,3
75.2,rl,29,1.0,2,16.275,40.933,69.733,5.662,12,10.370,0.5806,13,25,18,7,12,0,7,3,0,2
75.2,rl,29,1.0,3,15.008,47.450,50.950,6.634,13,15.954,0.7206,20,27,23,4,13,0,3,0,2,2
80.2,rl,29,1.0,0,13.090,63.217,63.217,3.174,8,6.730,0.6429,9,15,15,0,1,0,3,2,0,1
80.2,rl,29,1.0,1,22.910,53.883,56.083,8.813,16,12.713,0.5435,17,27,22,5,9,0,0,1,6,3
80.2,rl,29,1.0,2,16.474,45.950,74.750,6.142,14,11.965,0.6207,16,28,19,9,12,0,7,2,1,2
80.2,rl,29,1.0,3,15.360,50.950,52.467,6.690,13,14.956,0.6667,20,28,24,4,14,0,4,0,2,2
85.2,rl,29,1.0,0,14.518,68.233,68.233,3.291,8,7.038,0.5682,10,15,15,0,1,0,3,1,0,1
85.2,rl,29,1.0,1,22.979,53.883,56.083,8.921,16,11.965,0.6667,17,29,24,5,14,0,0,3,6,3
85.2,rl,29,1.0,2,15.826,50.967,79.767,6.527,14,12.669,0.6282,18,32,22,10,16,0,8,1,3,2
85.2,rl,29,1.0,3,16.266,50.950,54.233,6.642,13,16.891,0.5000,24,28,24,4,14,0,0,0,2,2
90.3,rl,29,1.0,0,16.190,73.250,73.250,3.379,8,6.647,0.5682,10,15,15,0,1,0,3,1,0,1
90.3,rl,29,1.0,1,24.889,54.683,56.083,9.080,16,11.300,0.6667,17,29,24,5,14,0,0,3,6,3
90.3,rl,29,1.0,2,16.565,55.983,84.783,6.914,15,12.629,0.6320,19,34,24,10,18,0,8,0,4,3
90.3,rl,29,1.0,3,15.339,50.950,54.233,6.575,13,15.953,0.7206,24,31,27,4,17,0,2,0,3,2
95.3,rl,29,1.0,0,17.862,78.267,78.267,3.467,8,6.297,0.5682,10,15,15,0,1,0,3,1,0,1
95.3,rl,29,1.0,1,26.066,56.083,59.700,9.255,16,10.705,0.6306,17,30,25,5,14,0,0,3,7,3
95.3,rl,29,1.0,2,17.132,61.000,89.800,7.418,18,11.964,0.6429,19,37,27,10,18,0,9,0,6,3
95.3,rl,29,1.0,3,15.524,50.950,54.233,6.603,13,15.743,0.8167,25,32,28,4,18,0,1,1,3,2
100.3,rl,29,1.0,0,18.674,78.983,78.983,3.443,8,7.777,0.5000,13,15,15,0,1,0,0,1,0,1
100.3,rl,29,1.0,1,27.016,56.083,64.717,9.433,16,11.964,0.5127,20,31,26,5,14,0,0,3,7,1
100.3,rl,29,1.0,2,18.060,66.017,91.517,7.938,19,13.161,0.5971,22,39,29,10,18,0,9,0,6,2
100.3,rl,29,1.0,3,15.520,50.950,54.233,6.675,13,14.955,0.8804,25,34,30,4,19,0,1,2,3,3
105.3,rl,29,1.0,0,21.044,78.983,92.933,3.478,8,7.406,0.5714,13,21,17,4,1,0,1,1,1,5
105.3,rl,29,1.0,1,29.772,69.733,78.983,9.522,16,11.964,0.7500,21,36,28,8,17,0,4,3,7,1
105.3,rl,29,1.0,2,19.944,71.033,91.517,8.266,19,13.673,0.4808,24,39,29,10,18,0,9,0,6,0
105.3,rl,29,1.0,3,15.989,54.233,55.583,6.739,13,15.382,0.6154,27,35,31,4,19,0,1,0,3,4
110.3,rl,29,1.0,0,19.792,78.983,97.950,3.746,10,7.613,0.4630,14,24,19,5,1,0,0,2,1,7
110.3,rl,29,1.0,1,31.290,74.750,80.233,9.770,16,11.964,0.6622,22,36,28,8,18,0,4,3,7,0
110.3,rl,29,1.0,2,21.340,76.050,91.517,8.620,19,13.051,0.4706,24,40,30,10,18,0,10,0,6,0
110.3,rl,29,1.0,3,16.201,54.233,60.600,6.831,13,14.683,0.6944,27,37,33,4,21,0,1,1,3,5
115.3,rl,29,1.0,0,19.509,78.983,102.967,4.121,13,7.282,0.5487,14,27,22,5,1,0,0,2,3,8
115.3,rl,29,1.0,1,33.241,79.767,85.250,9.960,16,11.443,0.6622,22,36,28,8,19,0,4,3,7,0
115.3,rl,29,1.0,2,22.778,76.933,91.517,8.955,19,12.484,0.4849,24,41,31,10,18,0,10,0,7,0
115.3,rl,29,1.0,3,16.635,55.133,63.267,6.928,13,16.125,0.6447,31,38,34,4,21,0,1,1,4,1
120.4,rl,29,1.0,0,21.385,78.983,106.633,4.448,13,8.973,0.6983,18,27,22,5,1,0,0,2,3,4
120.4,rl,29,1.0,1,32.140,72.417,90.267,10.138,16,14.456,0.7903,29,43,30,13,19,0,6,3,1,4
120.4,rl,29,1.0,2,23.821,80.583,91.517,9.263,19,13.957,0.5698,28,42,32,10,18,0,6,1,7,0
120.4,rl,29,1.0,3,16.477,55.133,63.267,6.931,13,15.951,0.5333,32,40,36,4,21,0,2,1,5,0
125.4,rl,29,1.0,0,24.929,81.417,106.633,4.562,13,11.006,0.3821,23,32,24,8,6,0,0,2,7,0
125.4,rl,29,1.0,1,31.527,72.417,95.283,10.364,17,13.877,0.7298,29,46,32,14,19,0,8,3,1,5
125.4,rl,29,1.0,2,24.689,80.583,91.517,9.277,19,16.270,0.3200,34,42,32,10,18,0,0,1,7,0
125.4,rl,29,1.0,3,17.475,54.233,63.267,6.979,13,15.313,0.5952,32,42,37,5,21,0,4,1,5,0
130.4,rl,29,1.0,0,26.406,82.833,106.633,4.940,16,10.584,0.4776,23,39,27,12,10,0,2,3,11,0
130.4,rl,29,1.0,1,33.062,76.383,100.283,10.591,17,13.805,0.6531,30,46,32,14,19,0,8,3,0,5
130.4,rl,29,1.0,2,25.045,80.583,91.517,9.238,19,15.646,0.3971,34,43,33,10,18,0,0,1,7,1
130.4,rl,29,1.0,3,23.987,76.567,85.467,7.278,19,14.726,0.4854,32,52,38,14,21,0,13,1,6,0
135.4,rl,29,1.0,0,26.917,78.983,106.633,5.431,18,10.193,0.5000,23,41,28,13,10,0,3,3,12,0
135.4,rl,29,1.0,1,34.052,81.383,105.283,10.802,17,13.296,0.6628,30,47,33,14,19,0,8,3,0,6
135.4,rl,29,1.0,2,25.457,80.583,91.517,9.248,19,15.068,0.4630,34,44,34,10,18,0,0,2,7,1
135.4,rl,29,1.0,3,24.363,78.883,88.017,7.771,21,15.955,0.6639,36,54,40,14,21,0,9,2,6,1
140.4,rl,29,1.0,0,28.321,83.833,106.633,5.871,19,9.830,0.5537,23,42,29,13,10,0,3,3,12,1
140.4,rl,29,1.0,1,35.026,84.567,110.283,11.037,18,12.822,0.6639,30,48,34,14,19,0,8,3,0,7
140.4,rl,29,1.0,2,26.594,80.583,91.517,9.273,19,14.532,0.4630,34,44,34,10,18,0,0,2,7,1
140.4,rl,29,1.0,3,23.710,78.883,88.017,7.937,21,19.233,0.4865,45,57,43,14,21,0,0,3,8,1
145.4,rl,29,1.0,0,29.755,88.833,106.633,6.317,19,9.905,0.5537,24,43,30,13,10,0,3,3,12,1
145.4,rl,29,1.0,1,35.200,89.567,113.900,11.285,19,14.032,0.6038,34,50,36,14,19,0,4,3,0,9
145.4,rl,29,1.0,2,27.114,80.583,91.517,9.324,19,14.032,0.5500,34,45,35,10,18,0,1,2,7,1
145.4,rl,29,1.0,3,24.116,78.883,88.017,8.114,21,18.572,0.5216,45,58,44,14,31,0,0,4,8,1
150.4,rl,29,1.0,0,29.993,89.467,106.633,6.560,19,14.363,0.6154,36,44,31,13,11,0,4,3,0,1
150.4,rl,29,1.0,1,34.931,90.000,113.900,11.357,19,15.161,0.5213,38,52,38,14,19,0,2,3,0,9
150.4,rl,29,1.0,2,27.013,80.583,91.517,9.395,19,14.363,0.4384,36,47,37,10,18,0,1,0,8,2
150.4,rl,29,1.0,3,25.205,78.883,88.017,8.282,21,17.954,0.5216,45,58,44,14,34,0,0,4,8,1
155.4,rl,29,1.0,0,30.839,89.467,106.633,6.603,19,13.901,0.6154,36,44,31,13,17,0,4,3,0,1
155.4,rl,29,1.0,1,34.116,92.017,113.900,11.490,19,15.060,0.5614,39,55,41,14,27,0,2,3,1,10
155.4,rl,29,1.0,2,27.483,80.583,91.517,9.447,19,13.901,0.5000,36,48,38,10,20,0,2,0,8,2
155.4,rl,29,1.0,3,25.880,78.883,88.017,8.430,21,17.376,0.5000,45,59,45,14,34,0,0,4,9,1
160.4,rl,29,1.0,0,31.043,89.467,106.633,6.652,19,13.468,0.6983,36,45,32,13,23,0,4,3,0,2
160.4,rl,29,1.0,1,34.037,97.017,113.900,11.639,19,14.964,0.5971,40,57,43,14,28,0,1,4,2,10
160.4,rl,29,1.0,2,28.030,80.583,91.517,9.552,19,13.468,0.5487,36,49,39,10,20,0,2,0,8,3
160.4,rl,29,1.0,3,26.541,83.300,88.017,8.639,21,16.835,0.4808,45,60,46,14,34,0,0,4,10,1
165.4,rl,29,1.0,0,31.291,89.467,106.633,6.747,19,13.061,0.6944,36,46,33,13,23,0,4,4,0,2
165.4,rl,29,1.0,1,35.337,102.017,113.900,11.778,19,14.875,0.5333,41,57,43,14,29,0,0,4,2,10
165.4,rl,29,1.0,2,27.543,80.583,91.517,9.681,19,14.149,0.4024,39,52,42,10,20,0,2,1,10,0
165.4,rl,29,1.0,3,27.307,83.883,88.300,8.847,21,16.326,0.5079,45,61,47,14,34,0,0,5,10,1
170.4,rl,29,1.0,0,30.144,89.467,106.633,6.891,19,12.677,0.7500,36,51,35,16,23,0,5,5,0,5
170.4,rl,29,1.0,1,36.071,107.017,114.567,11.894,19,14.438,0.5601,41,58,44,14,30,0,0,5,2,10
170.4,rl,29,1.0,2,28.599,84.717,91.517,9.772,19,13.734,0.4024,39,52,42,10,20,0,2,1,10,0
170.4,rl,29,1.0,3,27.265,83.883,90.917,9.033,21,17.607,0.6500,50,63,49,14,34,0,0,6,5,2
175.4,rl,29,1.0,0,31.473,91.483,106.633,7.130,19,12.316,0.7500,36,51,35,16,23,0,5,5,0,5
175.4,rl,29,1.0,1,36.450,109.633,117.183,12.003,19,16.421,0.7756,48,59,45,14,30,0,1,5,2,3
175.4,rl,29,1.0,2,29.286,89.217,91.517,9.894,19,13.342,0.4537,39,53,43,10,20,0,2,2,10,0
175.4,rl,29,1.0,3,26.525,83.883,90.917,9.083,21,18.816,0.6173,55,66,52,14,34,0,0,6,2,3
180.4,rl,29,1.0,0,31.664,96.483,106.633,7.378,19,12.640,0.7305,38,53,37,16,23,0,4,5,0,6
180.4,rl,29,1.0,1,36.458,111.283,117.183,11.908,19,16.964,0.6532,51,60,46,14,38,0,1,5,2,1
180.4,rl,29,1.0,2,33.513,91.517,94.800,10.172,22,13.305,0.3306,40,62,43,19,20,0,1,2,19,0
180.4,rl,29,1.0,3,26.402,83.883,90.917,9.166,21,18.294,0.6500,55,68,54,14,34,0,0,6,2,5
185.4,rl,29,1.0,0,31.502,98.467,106.633,7.517,19,13.270,0.5698,41,55,39,16,23,0,1,6,0,7
185.4,rl,29,1.0,1,35.932,109.633,117.183,11.841,19,16.830,0.5952,52,62,48,14,40,0,1,6,2,1
185.4,rl,29,1.0,2,34.818,96.100,99.800,10.469,22,13.270,0.2995,41,63,43,20,20,0,0,2,20,0
185.4,rl,29,1.0,3,26.744,83.883,90.917,9.277,21,18.125,0.5633,56,69,55,14,34,0,0,7,1,5
190.4,rl,29,1.0,0,31.495,98.467,106.633,7.690,19,13.236,0.4978,42,57,41,16,23,0,0,7,0,8
190.4,rl,29,1.0,1,35.868,109.633,121.283,11.870,19,16.388,0.8000,52,68,49,19,41,0,6,6,2,2
190.4,rl,29,1.0,2,35.466,101.100,104.800,10.815,24,12.921,0.3200,41,65,45,20,20,0,0,3,21,0
190.4,rl,29,1.0,3,27.518,83.883,90.917,9.405,21,17.964,0.6282,57,71,55,16,34,0,2,7,0,5
195.4,rl,29,1.0,0,31.661,98.467,111.483,7.921,19,12.898,0.5515,42,59,43,16,23,0,1,7,0,9
195.4,rl,29,1.0,1,35.226,109.633,126.283,11.981,19,16.583,0.6628,54,71,51,20,42,0,8,6,3,0
195.4,rl,29,1.0,2,36.256,106.100,109.800,11.190,26,12.591,0.3141,41,67,45,22,20,0,0,3,23,0
195.4,rl,29,1.0,3,28.104,83.883,90.917,9.529,21,17.504,0.7120,57,72,56,16,34,0,2,7,1,5
200.4,rl,29,1.0,0,31.939,90.867,116.483,8.145,19,12.875,0.5400,43,61,45,16,23,0,1,7,0,10
200.4,rl,29,1.0,1,36.257,113.900,131.283,12.098,19,16.169,0.6628,54,71,51,20,43,0,8,6,3,0
200.4,rl,29,1.0,2,35.650,106.733,110.417,11.401,26,16.169,0.4294,54,69,47,22,20,0,1,3,11,0
200.4,rl,29,1.0,3,28.678,86.967,90.917,9.677,21,17.067,0.7619,57,73,57,16,34,0,3,7,1,5
205.4,rl,29,1.0,0,33.332,95.867,121.483,8.385,19,12.854,0.4849,44,61,45,16,23,0,0,7,0,10
205.4,rl,29,1.0,1,35.866,116.317,136.283,12.259,20,16.360,0.7364,56,74,53,21,43,0,8,6,3,1
205.4,rl,29,1.0,2,34.373,106.733,110.417,11.416,26,18.112,0.8333,62,72,50,22,26,0,2,4,3,1
205.4,rl,29,1.0,3,29.655,88.017,91.967,9.836,21,16.652,0.7619,57,73,57,16,34,0,3,7,1,5
210.4,rl,29,1.0,0,33.958,98.467,126.483,8.592,19,13.689,0.4900,48,62,46,16,23,0,0,8,0,6
210.4,rl,29,1.0,1,35.514,117.183,141.283,12.285,20,17.967,0.7412,63,76,54,22,43,0,2,6,4,1
210.4,rl,29,1.0,2,34.642,106.733,110.417,11.334,26,18.538,0.5833,65,72,50,22,38,0,2,4,0,1
210.4,rl,29,1.0,3,29.409,88.017,96.967,10.010,21,17.397,0.7500,61,76,60,16,34,0,4,7,3,1
215.4,rl,29,1.0,0,34.603,98.467,131.483,8.613,19,15.043,0.2500,54,62,46,16,28,0,0,8,0,0
215.4,rl,29,1.0,1,35.547,113.900,146.283,12.325,20,18.107,0.7153,65,82,56,26,51,0,0,7,4,6
215.4,rl,29,1.0,2,34.177,106.733,110.417,11.245,26,18.107,0.7500,65,74,52,22,44,0,3,4,1,1
215.4,rl,29,1.0,3,29.770,88.017,101.967,10.108,21,17.272,0.6944,62,77,61,16,34,0,4,7,4,0
220.4,rl,29,1.0,0,33.621,98.467,136.483,8.629,19,14.702,0.4384,54,65,49,16,33,0,2,8,0,1
220.4,rl,29,1.0,1,36.343,113.900,151.283,12.455,20,17.696,0.7105,65,83,56,27,54,0,0,7,4,7
220.4,rl,29,1.0,2,34.188,106.733,110.417,11.200,26,17.696,0.7353,65,75,53,22,44,0,4,4,1,1
220.4,rl,29,1.0,3,30.251,88.017,106.967,10.242,21,16.880,0.6667,62,78,62,16,34,0,4,8,4,0
225.4,rl,29,1.0,0,33.214,98.467,141.483,8.697,19,14.376,0.5788,54,67,51,16,33,0,2,8,1,2
225.4,rl,29,1.0,1,36.554,113.900,156.283,12.610,20,17.304,0.7692,65,85,58,27,54,0,1,8,4,7
225.4,rl,29,1.0,2,34.676,106.733,110.417,11.167,26,17.570,0.6136,66,75,53,22,44,0,4,4,0,1
225.4,rl,29,1.0,3,30.845,88.017,111.967,10.390,21,16.505,0.7448,62,79,63,16,34,0,4,8,4,1
230.4,rl,29,1.0,0,33.919,98.467,146.483,8.751,19,14.584,0.4384,56,67,51,16,34,0,2,8,1,0
230.4,rl,29,1.0,1,37.240,113.900,161.283,12.773,21,16.928,0.8289,65,86,59,27,54,0,2,8,4,7
230.4,rl,29,1.0,2,33.878,106.733,110.417,11.137,26,17.189,0.6667,66,78,56,22,45,0,6,4,1,1
230.4,rl,29,1.0,3,31.467,88.917,116.967,10.542,21,16.147,0.7642,62,80,64,16,34,0,4,8,5,1
235.4,rl,29,1.0,0,34.229,102.033,151.483,8.818,19,14.275,0.5000,56,68,52,16,35,0,2,8,2,0
235.4,rl,29,1.0,1,37.698,113.900,166.283,12.903,21,18.353,0.5569,72,87,60,27,54,0,2,9,4,0
235.4,rl,29,1.0,2,33.964,106.733,110.417,11.141,26,17.079,0.5455,67,79,57,22,45,0,7,4,1,0
235.4,rl,29,1.0,3,31.308,88.017,117.583,10.626,21,17.843,0.5455,70,82,66,16,34,0,4,0,7,1
240.4,rl,29,1.0,0,34.000,103.650,153.100,8.847,19,15.974,0.9000,64,70,53,17,35,0,2,1,2,1
240.4,rl,29,1.0,1,37.694,113.900,171.283,12.966,21,17.971,0.6881,72,89,62,27,61,0,2,9,4,2
240.4,rl,29,1.0,2,36.739,108.733,153.100,11.174,26,16.723,0.5682,67,82,58,24,45,0,7,7,1,0
240.4,rl,29,1.0,3,31.488,88.017,117.583,10.658,21,17.472,0.5216,70,83,67,16,42,0,4,0,8,1
245.4,rl,29,1.0,0,34.357,103.650,153.100,8.791,19,15.893,0.6944,65,70,53,17,35,0,2,0,2,1
245.4,rl,29,1.0,1,38.109,113.900,176.283,13.053,21,17.850,0.6881,73,90,63,27,61,0,2,9,4,2
245.4,rl,29,1.0,2,38.021,108.733,157.050,11.331,26,16.383,0.5496,67,91,61,30,45,0,8,14,1,1
245.4,rl,29,1.0,3,31.739,88.017,117.583,10.703,21,17.116,0.5976,70,84,68,16,42,0,4,1,8,1
250.4,rl,29,1.0,0,34.226,103.650,153.100,8.719,19,15.576,0.6429,65,71,54,17,35,0,2,0,3,1
250.4,rl,29,1.0,1,38.514,113.900,181.283,13.118,21,17.972,0.6275,75,91,64,27,63,0,2,9,4,1
250.4,rl,29,1.0,2,37.622,109.833,161.683,11.630,28,16.535,0.5993,69,95,64,31,45,0,9,14,2,1
250.4,rl,29,1.0,3,32.444,88.917,117.583,10.771,21,16.774,0.5976,70,84,68,16,42,0,4,1,8,1
255.4,rl,29,1.0,0,34.596,103.650,153.100,8.664,19,15.271,0.6429,65,71,54,17,35,0,2,0,3,1
255.4,rl,29,1.0,1,38.911,113.900,186.283,13.186,21,17.621,0.5971,75,92,65,27,64,0,2,10,4,1
255.4,rl,29,1.0,2,36.592,109.833,161.683,11.806,28,19.500,0.6038,83,99,68,31,51,0,9,0,4,3
255.4,rl,29,1.0,3,33.215,88.917,117.583,10.836,21,16.446,0.5976,70,84,68,16,42,0,4,1,8,1
260.4,rl,29,1.0,0,35.020,103.650,153.100,8.611,19,14.977,0.6429,65,71,54,17,35,0,2,0,3,1
260.4,rl,29,1.0,1,38.464,113.900,191.300,13.256,21,18.203,0.4923,79,95,68,27,64,0,2,11,1,2
260.4,rl,29,1.0,2,36.855,109.833,161.683,11.907,28,19.124,0.6752,83,100,69,31,61,0,9,1,4,3
260.4,rl,29,1.0,3,33.591,89.217,117.583,10.887,21,16.359,0.5833,71,85,69,16,43,0,4,0,8,2
265.4,rl,29,1.0,0,34.007,103.650,153.100,8.581,19,14.694,0.6983,65,74,57,17,35,0,2,0,4,3
265.4,rl,29,1.0,1,39.196,113.900,196.317,13.304,21,17.859,0.4923,79,95,68,27,64,0,2,11,1,2
265.4,rl,29,1.0,2,37.610,109.833,161.683,11.988,28,18.989,0.6038,84,100,69,31,61,0,9,0,4,3
265.4,rl,29,1.0,3,33.287,89.950,117.583,10.910,21,17.859,0.5333,79,87,71,16,43,0,5,0,1,2
270.4,rl,29,1.0,0,35.972,103.650,153.100,8.656,19,14.421,0.5213,65,79,58,21,35,0,2,0,9,3
270.4,rl,29,1.0,1,39.553,113.900,201.333,13.354,21,17.749,0.4923,80,96,69,27,64,0,2,11,1,2
270.4,rl,29,1.0,2,38.313,108.733,161.683,12.086,28,18.637,0.7143,84,104,70,34,62,0,9,1,7,3
270.4,rl,29,1.0,3,32.899,89.950,117.583,10.881,21,17.527,0.5952,79,89,73,16,43,0,6,1,1,2
275.5,rl,29,1.0,0,36.326,103.650,153.100,8.662,19,15.901,0.6429,73,79,58,21,35,0,2,0,1,3
275.5,rl,29,1.0,1,39.921,114.183,206.350,13.409,21,17.426,0.4722,80,97,70,27,64,0,2,12,1,2
275.5,rl,29,1.0,2,38.077,108.733,161.683,12.317,28,18.515,0.6176,85,110,71,39,63,0,10,0,12,3
275.5,rl,29,1.0,3,32.224,89.950,117.583,10.884,21,17.426,0.5455,80,92,76,16,43,0,7,1,0,4
280.5,rl,29,1.0,0,36.185,103.650,153.100,8.629,19,15.831,0.6429,74,80,58,22,40,0,2,0,1,3
280.5,rl,29,1.0,1,39.914,117.183,211.367,13.469,21,17.328,0.4451,81,99,72,27,64,0,2,13,0,3
280.5,rl,29,1.0,2,38.133,108.733,161.683,12.548,28,18.184,0.6282,85,113,73,40,63,0,10,0,14,4
280.5,rl,29,1.0,3,32.365,89.950,121.800,10.913,21,17.114,0.5633,80,93,77,16,43,0,7,1,0,5
285.5,rl,29,1.0,0,36.048,98.733,153.100,8.572,19,15.763,0.6429,75,81,58,23,43,0,2,0,1,3
285.5,rl,29,1.0,1,39.627,113.900,213.900,13.542,21,18.285,0.7206,87,101,74,27,64,0,3,7,1,3
285.5,rl,29,1.0,2,38.973,108.733,161.683,12.830,29,18.285,0.5975,87,114,74,40,63,0,10,0,14,3
285.5,rl,29,1.0,3,32.291,89.950,126.817,10.973,21,16.814,0.5569,80,95,79,16,43,0,8,1,0,6
290.5,rl,29,1.0,0,36.191,98.733,153.100,8.534,19,15.697,0.4000,76,84,58,26,45,0,2,0,0,6
290.5,rl,29,1.0,1,38.737,113.900,213.900,13.495,21,19.415,0.8333,94,104,77,27,64,0,3,2,1,4
290.5,rl,29,1.0,2,39.339,108.733,161.683,13.068,29,18.382,0.5252,89,116,76,40,63,0,11,0,15,1
290.5,rl,29,1.0,3,40.016,119.317,214.583,11.055,21,17.762,0.5000,86,102,79,23,43,0,8,8,0,0
295.5,rl,29,1.0,0,36.288,98.733,153.100,8.539,19,15.431,0.3821,76,85,58,27,46,0,2,0,0,7
295.5,rl,29,1.0,1,37.649,113.900,213.900,13.492,21,19.288,0.5614,95,111,78,33,64,0,3,1,2,10
295.5,rl,29,1.0,2,40.051,108.733,161.683,13.284,29,18.273,0.4939,90,117,77,40,63,0,12,0,15,0
295.5,rl,29,1.0,3,39.562,124.333,219.600,11.231,25,17.461,0.5600,86,111,82,29,43,0,9,14,1,1
300.5,rl,29,1.0,0,35.580,98.733,153.100,8.583,19,15.373,0.4144,77,88,60,28,46,0,3,0,0,8
300.5,rl,29,1.0,1,37.614,113.900,213.900,13.539,21,19.166,0.5198,96,113,79,34,64,0,3,0,3,11
300.5,rl,29,1.0,2,40.474,108.733,161.683,13.534,29,17.968,0.5323,90,119,79,40,63,0,13,0,15,1
300.5,rl,29,1.0,3,40.203,129.350,224.617,11.456,25,17.369,0.5090,87,112,82,30,43,0,9,15,1,0
305.6,rl,29,1.0,0,36.036,98.733,153.100,8.602,19,15.513,0.3115,79,88,60,28,46,0,1,0,0,8
305.6,rl,29,1.0,1,38.310,113.900,213.900,13.597,21,18.851,0.5198,96,113,79,34,64,0,3,0,3,11
305.6,rl,29,1.0,2,41.099,108.733,161.683,13.783,29,18.459,0.5184,94,120,80,40,63,0,10,0,15,1
305.6,rl,29,1.0,3,39.506,134.367,229.633,11.731,30,17.084,0.6429,87,117,86,31,43,0,9,16,3,2
310.6,rl,29,1.0,0,36.082,98.733,153.100,8.601,19,15.456,0.3115,80,89,61,28,46,0,0,0,1,8
310.6,rl,29,1.0,1,38.288,113.900,213.900,13.705,23,18.547,0.7072,96,119,82,37,64,0,7,1,4,11
310.6,rl,29,1.0,2,41.413,106.733,161.683,13.884,29,19.899,0.3140,103,121,81,40,63,0,1,0,16,1
310.6,rl,29,1.0,3,40.419,139.383,233.100,12.020,30,17.774,0.7267,92,117,86,31,43,0,9,11,3,2
315.6,rl,29,1.0,0,36.533,98.733,153.100,8.607,19,15.210,0.3115,80,89,61,28,46,0,0,0,1,8
315.6,rl,29,1.0,1,38.455,109.900,213.900,13.848,25,18.252,0.6944,96,121,83,38,64,0,8,1,4,12
315.6,rl,29,1.0,2,41.392,106.733,161.683,13.961,29,19.773,0.3101,104,123,83,40,63,0,0,1,17,1
315.6,rl,29,1.0,3,41.859,129.100,233.100,12.234,30,19.203,0.4787,101,131,88,43,49,0,21,3,4,2
320.6,rl,29,1.0,0,35.803,102.550,153.100,8.640,19,14.972,0.3462,80,92,64,28,46,0,0,0,2,10
320.6,rl,29,1.0,1,38.857,109.900,213.900,13.998,26,19.651,0.7448,105,122,84,38,64,0,8,1,4,4
320.6,rl,29,1.0,2,42.083,106.733,161.683,14.042,29,19.464,0.3101,104,123,83,40,63,0,0,1,17,1
320.6,rl,29,1.0,3,42.209,129.100,233.100,12.510,30,19.276,0.4412,103,133,89,44,58,0,22,1,4,3
325.6,rl,29,1.0,0,35.140,102.950,153.100,8.616,19,16.400,0.6944,89,94,66,28,48,0,1,0,2,2
325.6,rl,29,1.0,1,39.071,109.900,213.900,14.025,26,19.901,0.6181,108,123,85,38,73,0,8,1,5,1
325.6,rl,29,1.0,2,42.858,106.733,161.683,14.121,29,19.164,0.3101,104,123,83,40,63,0,0,1,17,1
325.6,rl,29,1.0,3,42.308,129.100,233.100,12.800,32,19.164,0.4588,104,136,91,45,60,0,23,2,4,3
330.6,rl,29,1.0,0,34.512,102.950,153.100,8.565,19,16.332,0.5000,90,96,68,28,55,0,1,0,4,1
330.6,rl,29,1.0,1,39.292,109.900,213.900,14.050,26,19.780,0.6181,109,124,86,38,76,0,8,1,5,1
330.6,rl,29,1.0,2,43.281,108.733,161.683,14.191,29,18.873,0.3401,104,124,84,40,63,0,0,2,17,1
330.6,rl,29,1.0,3,43.063,129.100,233.100,13.075,33,19.054,0.4252,105,137,92,45,60,0,24,1,4,3
335.7,rl,29,1.0,0,34.625,102.950,153.100,8.513,19,16.267,0.3676,91,96,68,28,56,0,1,0,4,0
335.7,rl,29,1.0,1,39.226,109.900,213.900,14.077,26,19.485,0.6881,109,126,88,38,77,0,8,2,6,1
335.7,rl,29,1.0,2,43.704,108.733,161.683,14.285,29,18.591,0.3687,104,125,85,40,63,0,0,3,17,1
335.7,rl,29,1.0,3,43.576,131.617,233.100,13.387,34,18.948,0.4131,106,139,94,45,61,0,25,0,5,3
340.7,rl,29,1.0,0,34.854,102.950,153.100,8.460,19,16.027,0.3676,91,96,68,28,57,0,1,0,4,0
340.7,rl,29,1.0,1,38.559,110.850,213.900,14.135,26,19.374,0.6667,110,130,92,38,77,0,9,2,8,1
340.7,rl,29,1.0,2,43.938,109.667,161.683,14.379,29,19.374,0.4156,110,126,86,40,63,0,0,3,12,1
340.7,rl,29,1.0,3,44.731,136.633,233.100,13.684,34,18.669,0.4131,106,139,94,45,62,0,25,0,5,3
345.7,rl,29,1.0,0,34.753,102.950,153.100,8.414,19,15.795,0.4500,91,97,69,28,57,0,2,0,4,0
345.7,rl,29,1.0,1,39.162,113.900,213.900,14.223,26,19.093,0.6667,110,130,92,38,78,0,9,2,8,1
345.7,rl,29,1.0,2,43.075,109.667,161.683,14.338,29,21.002,0.6154,121,129,89,40,66,0,0,4,1,3
345.7,rl,29,1.0,3,45.527,140.367,233.100,13.970,34,18.919,0.3690,109,140,95,45,62,0,25,1,5,0
350.7,rl,29,1.0,0,35.012,102.950,153.100,8.382,19,15.569,0.4500,91,97,69,28,57,0,2,0,4,0
350.7,rl,29,1.0,1,39.004,115.950,213.900,14.332,26,18.820,0.7622,110,135,94,41,78,0,11,2,8,4
350.7,rl,29,1.0,2,42.613,109.667,161.683,14.271,29,20.701,0.7353,121,131,91,40,76,0,1,4,1,4
350.7,rl,29,1.0,3,46.271,137.517,233.100,14.198,34,18.648,0.3914,109,141,96,45,62,0,25,2,5,0
355.7,rl,29,1.0,0,34.567,102.950,153.100,8.353,19,15.349,0.6667,91,99,71,28,57,0,2,0,4,2
355.7,rl,29,1.0,1,39.542,116.433,213.900,14.411,26,20.072,0.7273,119,135,94,41,78,0,2,2,8,4
355.7,rl,29,1.0,2,41.919,109.667,161.683,14.228,29,20.578,0.6667,122,134,94,40,80,0,2,5,0,5
355.7,rl,29,1.0,3,47.339,140.367,233.100,14.456,34,18.385,0.3914,109,141,96,45,62,0,25,2,5,0
360.7,rl,29,1.0,0,34.107,98.733,153.100,8.351,19,15.468,0.5333,93,101,73,28,57,0,1,0,5,2
360.7,rl,29,1.0,1,39.768,116.433,213.900,14.418,26,20.126,0.6618,121,136,95,41,84,0,1,2,8,4
360.7,rl,29,1.0,2,42.278,109.667,161.683,14.196,29,20.292,0.6667,122,134,94,40,81,0,2,5,0,5
360.7,rl,29,1.0,3,47.774,141.817,233.100,14.725,34,18.130,0.4379,109,143,98,45,62,0,25,3,5,1
365.7,rl,29,1.0,0,33.398,98.733,153.100,8.359,19,15.256,0.7035,93,104,76,28,57,0,3,0,5,3
365.7,rl,29,1.0,1,39.307,116.433,213.900,14.451,26,19.850,0.8595,121,140,97,43,88,0,4,3,8,4
365.7,rl,29,1.0,2,42.719,109.667,161.683,14.168,29,20.014,0.6667,122,134,94,40,81,0,2,5,0,5
365.7,rl,29,1.0,3,48.075,142.100,233.100,14.885,34,20.178,0.6410,123,143,98,45,62,0,11,3,5,1
370.8,rl,29,1.0,0,33.456,98.733,153.100,8.406,19,15.050,0.7200,93,105,77,28,57,0,4,0,5,3
370.8,rl,29,1.0,1,38.981,113.900,213.900,14.537,26,19.743,0.9112,122,143,100,43,89,0,5,4,8,4
370.8,rl,29,1.0,2,43.168,109.667,161.683,14.138,29,19.743,0.6667,122,134,94,40,81,0,2,5,0,5
370.8,rl,29,1.0,3,48.044,142.100,233.100,14.880,34,21.685,0.6944,134,144,99,45,69,0,1,3,5,1
375.8,rl,29,1.0,0,33.453,98.733,153.100,8.432,19,15.328,0.5952,96,106,78,28,57,0,4,0,5,1
375.8,rl,29,1.0,1,38.696,113.900,213.900,14.616,26,20.118,0.7463,126,146,103,43,89,0,1,4,9,6
375.8,rl,29,1.0,2,43.228,109.667,161.683,14.106,29,20.278,0.5333,127,135,95,40,81,0,2,0,1,5
375.8,rl,29,1.0,3,48.357,142.100,233.100,14.813,34,21.395,0.6944,134,144,99,45,83,0,1,3,5,1
380.8,rl,29,1.0,0,33.530,98.733,153.100,8.452,19,15.284,0.5952,97,107,79,28,60,0,4,1,5,0
380.8,rl,29,1.0,1,39.238,113.900,213.900,14.680,26,20.011,0.6786,127,146,103,43,92,0,0,4,9,6
380.8,rl,29,1.0,2,43.488,109.667,161.683,14.023,29,20.011,0.5333,127,135,95,40,86,0,2,0,1,5
380.8,rl,29,1.0,3,47.355,142.100,233.100,14.786,34,21.113,0.8167,134,148,103,45,87,0,1,5,5,3
385.8,rl,29,1.0,0,33.609,98.733,153.100,8.475,19,15.396,0.5786,99,108,80,28,61,0,3,1,5,0
385.8,rl,29,1.0,1,39.544,113.900,213.900,14.731,26,20.061,0.7364,129,147,104,43,95,0,0,5,7,6
385.8,rl,29,1.0,2,43.463,109.667,161.683,13.954,29,19.750,0.4939,127,136,96,40,86,0,2,0,1,6
385.8,rl,29,1.0,3,47.039,142.100,233.100,14.791,34,20.994,0.8396,135,150,105,45,87,0,1,5,5,4
390.8,rl,29,1.0,0,33.824,98.733,153.100,8.472,19,15.505,0.5435,101,111,82,29,61,0,1,3,6,0
390.8,rl,29,1.0,1,39.885,113.900,213.900,14.721,26,20.878,0.4959,136,147,104,43,95,0,0,5,0,6
390.8,rl,29,1.0,2,43.758,109.667,161.683,13.889,29,19.497,0.4939,127,136,96,40,86,0,2,0,1,6
390.8,rl,29,1.0,3,46.497,142.100,233.100,14.816,34,20.725,0.7642,135,153,108,45,88,0,1,8,5,4
395.8,rl,29,1.0,0,34.539,99.033,153.100,8.548,19,15.309,0.5127,101,119,85,34,61,0,2,3,12,1
395.8,rl,29,1.0,1,38.964,113.900,213.900,14.722,26,20.614,0.7153,136,153,106,47,95,0,4,6,0,7
395.8,rl,29,1.0,2,44.082,109.667,161.683,13.822,29,19.401,0.4000,128,136,96,40,86,0,2,0,0,6
395.8,rl,29,1.0,3,46.969,142.100,233.100,14.855,34,20.614,0.6881,136,153,108,45,88,0,0,8,5,4
400.9,rl,29,1.0,0,34.651,98.733,153.100,8.681,21,15.267,0.4537,102,123,86,37,61,0,1,4,15,1
400.9,rl,29,1.0,1,39.174,113.900,213.900,14.760,26,20.356,0.7364,136,154,107,47,95,0,5,6,0,7
400.9,rl,29,1.0,2,44.377,109.667,161.683,13.755,29,19.158,0.4000,128,136,96,40,87,0,2,0,0,6
400.9,rl,29,1.0,3,46.573,142.100,233.100,14.899,34,20.356,0.7937,136,156,111,45,88,0,1,8,6,5
405.9,rl,29,1.0,0,34.954,98.733,153.100,8.780,21,16.852,0.7500,114,123,86,37,61,0,1,4,3,1
405.9,rl,29,1.0,1,39.449,113.900,213.900,14.805,26,20.104,0.7459,136,155,107,48,95,0,6,6,0,7
405.9,rl,29,1.0,2,43.396,109.667,161.683,13.708,29,18.922,0.6207,128,140,100,40,87,0,2,2,1,7
405.9,rl,29,1.0,3,46.691,142.100,233.100,14.939,34,20.843,0.5926,141,157,112,45,89,0,1,9,1,5
410.9,rl,29,1.0,0,34.886,98.733,153.100,8.764,21,17.084,0.5833,117,124,87,37,65,0,1,4,0,2
410.9,rl,29,1.0,1,39.515,113.900,213.900,14.873,26,19.859,0.8167,136,157,109,48,95,0,7,6,1,7
410.9,rl,29,1.0,2,44.212,108.733,161.683,13.679,29,19.567,0.8333,134,144,101,43,87,0,2,3,4,1
410.9,rl,29,1.0,3,46.821,142.100,233.100,14.955,34,20.735,0.5818,142,158,113,45,89,0,2,9,0,5
415.9,rl,29,1.0,0,35.623,102.150,153.100,8.793,21,16.878,0.5682,117,132,89,43,76,0,1,4,1,9
415.9,rl,29,1.0,1,40.087,113.900,213.900,14.943,26,20.052,0.7500,139,157,109,48,95,0,7,3,1,7
415.9,rl,29,1.0,2,44.456,108.733,161.683,13.651,29,19.475,0.6429,135,147,102,45,87,0,2,4,6,0
415.9,rl,29,1.0,3,46.706,142.100,233.100,14.988,34,20.485,0.6983,142,160,115,45,89,0,3,9,1,5
420.9,rl,29,1.0,0,35.872,102.950,153.100,8.866,21,16.820,0.4808,118,133,89,44,76,0,1,4,0,10
420.9,rl,29,1.0,1,40.256,113.900,213.900,14.956,26,20.241,0.6275,142,158,110,48,95,0,7,0,2,7
420.9,rl,29,1.0,2,43.556,108.733,161.683,13.654,29,19.243,0.6667,135,151,105,46,87,0,4,4,8,0
420.9,rl,29,1.0,3,47.217,140.367,233.100,15.043,34,20.241,0.5538,142,166,116,50,89,0,3,15,1,5
425.9,rl,29,1.0,0,36.426,102.950,153.100,8.941,21,16.622,0.4808,118,133,89,44,77,0,1,4,0,10
425.9,rl,29,1.0,1,40.475,113.900,213.900,14.976,26,20.002,0.6175,142,159,111,48,95,0,8,0,2,7
425.9,rl,29,1.0,2,42.815,108.733,161.683,13.711,29,19.016,0.8475,135,155,109,46,87,0,5,5,8,2
425.9,rl,29,1.0,3,47.713,140.367,233.100,15.163,34,20.002,0.5369,142,167,116,51,89,0,3,16,1,5
431.0,rl,29,1.0,0,36.716,102.950,153.100,9.023,21,16.428,0.4638,118,134,90,44,77,0,1,4,0,11
431.0,rl,29,1.0,1,40.443,115.283,213.900,15.010,26,19.770,0.7337,142,161,113,48,95,0,8,1,3,7
431.0,rl,29,1.0,2,43.006,109.667,161.683,13.799,29,18.795,0.8547,135,156,110,46,87,0,6,5,8,2
431.0,rl,29,1.0,3,47.974,140.367,233.100,15.269,34,20.605,0.7246,148,168,117,51,89,0,3,10,2,5
436.0,rl,29,1.0,0,37.011,102.950,153.100,9.100,21,16.239,0.4488,118,135,91,44,77,0,1,4,0,12
436.0,rl,29,1.0,1,40.701,116.433,213.900,15.060,26,19.542,0.7246,142,162,114,48,95,0,8,1,3,8
436.0,rl,29,1.0,2,43.288,109.833,161.683,13.884,29,18.854,0.7692,137,157,111,46,87,0,6,3,9,2
436.0,rl,29,1.0,3,47.675,140.367,233.100,15.261,34,21.744,0.7826,158,170,119,51,97,0,4,1,2,5
441.0,rl,29,1.0,0,37.212,102.950,153.100,9.175,21,16.599,0.3356,122,136,92,44,77,0,1,1,0,12
441.0,rl,29,1.0,1,41.001,116.433,213.900,15.121,26,19.320,0.7819,142,163,115,48,95,0,8,2,3,8
441.0,rl,29,1.0,2,43.542,109.833,161.683,13.936,29,19.048,0.7692,140,160,112,48,91,0,6,3,9,2
441.0,rl,29,1.0,3,47.109,140.367,233.100,15.237,34,21.497,0.8396,158,173,122,51,105,0,5,1,4,5
446.0,rl,29,1.0,0,37.411,102.950,153.100,9.222,21,16.546,0.2882,123,137,93,44,77,0,1,0,0,13
446.0,rl,29,1.0,1,41.087,116.433,213.900,15.121,26,20.179,0.6282,150,164,116,48,95,0,1,2,3,8
446.0,rl,29,1.0,2,43.422,109.833,161.683,14.023,29,19.237,0.7710,143,164,113,51,93,0,7,3,9,2
446.0,rl,29,1.0,3,46.882,140.367,233.100,15.241,34,21.389,0.7273,159,175,124,51,105,0,6,0,4,6
451.0,rl,29,1.0,0,37.341,102.950,153.100,9.283,21,16.362,0.3678,123,139,95,44,77,0,2,0,1,13
451.0,rl,29,1.0,1,41.210,116.433,213.900,15.109,26,19.954,0.6777,150,165,117,48,102,0,1,3,3,8
451.0,rl,29,1.0,2,43.942,110.417,161.683,14.070,29,19.422,0.6045,146,164,113,51,96,0,7,0,9,2
451.0,rl,29,1.0,3,46.669,140.367,233.100,15.257,34,21.151,0.6983,159,177,126,51,106,0,8,0,4,6
456.0,rl,29,1.0,0,37.835,103.500,153.100,9.359,21,16.182,0.3678,123,139,95,44,77,0,2,0,1,13
456.0,rl,29,1.0,1,41.107,117.183,213.900,15.121,26,19.866,0.6400,151,167,119,48,103,0,1,3,3,9
456.0,rl,29,1.0,2,44.026,110.417,161.683,14.094,29,19.998,0.6306,152,165,114,51,98,0,7,0,3,3
456.0,rl,29,1.0,3,46.510,140.367,233.100,15.290,34,20.919,0.6849,159,179,128,51,106,0,9,0,4,7
461.1,rl,29,1.0,0,37.845,103.650,153.100,9.406,21,17.308,0.6447,133,140,96,44,77,0,3,0,1,3
461.1,rl,29,1.0,1,41.253,117.183,213.900,15.133,26,19.650,0.6071,151,168,120,48,104,0,1,3,3,10
461.1,rl,29,1.0,2,44.033,110.417,161.683,14.052,29,20.171,0.4144,155,166,115,51,100,0,8,0,0,3
461.1,rl,29,1.0,3,46.474,140.100,233.100,15.357,34,20.691,0.7289,159,181,130,51,106,0,9,0,6,7
466.1,rl,29,1.0,0,37.156,102.950,153.100,9.369,21,17.508,0.6447,136,143,99,44,87,0,3,3,1,0
466.1,rl,29,1.0,1,41.682,117.183,213.900,15.154,26,19.439,0.6071,151,168,120,48,104,0,1,3,3,10
466.1,rl,29,1.0,2,43.793,110.417,161.683,14.025,29,19.954,0.5487,155,168,117,51,107,0,8,2,0,3
466.1,rl,29,1.0,3,46.983,140.100,233.100,15.430,34,20.468,0.7289,159,181,130,51,106,0,9,0,6,7
471.1,rl,29,1.0,0,37.289,102.950,153.100,9.346,21,17.321,0.6447,136,143,99,44,90,0,3,3,1,0
471.1,rl,29,1.0,1,41.940,117.183,213.900,15.124,26,20.378,0.8000,160,168,120,48,104,0,1,3,3,1
471.1,rl,29,1.0,2,43.580,111.100,161.683,14.024,29,19.741,0.5921,155,170,119,51,107,0,9,2,1,3
471.1,rl,29,1.0,3,46.749,140.100,233.100,15.508,34,20.250,0.7135,159,184,133,51,106,0,11,0,7,7
476.1,rl,29,1.0,0,36.988,102.950,153.100,9.325,21,17.139,0.7500,136,145,101,44,90,0,3,3,3,0
476.1,rl,29,1.0,1,41.900,117.183,213.900,15.046,26,20.289,0.6154,161,169,121,48,113,0,1,3,4,0
476.1,rl,29,1.0,2,43.434,112.500,161.683,14.046,29,19.533,0.6752,155,172,121,51,107,0,9,3,1,4
476.1,rl,29,1.0,3,47.219,140.100,233.100,15.596,34,20.793,0.7337,165,184,133,51,106,0,5,0,7,7
481.1,rl,29,1.0,0,37.230,102.950,153.100,9.321,21,16.960,0.7500,136,145,101,44,90,0,3,3,3,0
481.1,rl,29,1.0,1,41.860,117.183,213.900,14.976,26,20.078,0.6983,161,170,122,48,114,0,2,3,4,0
481.1,rl,29,1.0,2,43.572,112.500,161.683,14.078,29,19.329,0.6983,155,173,122,51,107,0,9,3,1,5
481.1,rl,29,1.0,3,46.797,140.100,233.100,15.623,34,20.951,0.6786,168,187,136,51,107,0,2,1,8,8
486.1,rl,29,1.0,0,37.006,102.950,153.100,9.322,21,16.785,0.7035,136,147,103,44,90,0,5,3,3,0
486.1,rl,29,1.0,1,41.821,117.183,213.900,14.928,26,19.870,0.8333,161,171,123,48,114,0,2,3,4,1
486.1,rl,29,1.0,2,43.762,112.500,161.683,14.118,29,19.130,0.7337,155,174,123,51,107,0,9,4,1,5
486.1,rl,29,1.0,3,46.913,140.100,233.100,15.652,34,20.981,0.6136,170,188,137,51,115,0,0,2,8,8
491.2,rl,29,1.0,0,36.812,102.950,153.100,9.348,21,16.614,0.6926,136,149,105,44,90,0,6,3,4,0
491.2,rl,29,1.0,1,41.790,117.183,213.900,14.876,26,19.667,0.8176,161,172,124,48,114,0,2,4,4,1
491.2,rl,29,1.0,2,43.782,112.500,161.683,14.128,29,20.034,0.6722,164,175,124,51,107,0,0,4,2,5
491.2,rl,29,1.0,3,47.048,140.100,233.100,15.681,34,20.767,0.6057,170,189,138,51,116,0,0,2,9,8
496.2,rl,29,1.0,0,36.560,102.950,153.100,9.377,21,16.929,0.7035,140,151,107,44,90,0,3,3,5,0
496.2,rl,29,1.0,1,42.049,117.183,213.900,14.833,26,19.590,0.6944,162,172,124,48,114,0,2,4,4,0
496.2,rl,29,1.0,2,43.802,112.500,161.683,14.098,29,19.831,0.7826,164,176,125,51,107,0,1,4,2,5
496.2,rl,29,1.0,3,47.647,140.100,233.100,15.751,34,20.557,0.8556,170,197,140,57,117,0,8,2,9,8
501.2,rl,29,1.0,0,36.537,102.950,153.100,9.388,21,16.999,0.6944,142,152,108,44,90,0,1,3,5,1
501.2,rl,29,1.0,1,42.201,117.183,213.900,14.799,26,19.393,0.7206,162,176,124,52,115,0,6,4,4,0
501.2,rl,29,1.0,2,43.602,112.500,161.683,14.085,29,19.633,0.9074,164,178,127,51,107,0,2,4,3,5
501.2,rl,29,1.0,3,47.633,137.417,233.100,15.898,34,20.471,0.8430,171,202,142,60,117,0,10,2,10,9
506.2,rl,29,1.0,0,36.540,102.950,153.100,9.397,21,16.949,0.5952,143,153,109,44,90,0,0,4,5,1
506.2,rl,29,1.0,1,41.731,117.183,213.900,14.767,26,19.912,0.7378,168,179,125,54,115,0,3,4,4,0
506.2,rl,29,1.0,2,43.424,112.500,161.683,14.094,29,19.438,0.8889,164,180,129,51,107,0,2,4,4,6
506.2,rl,29,1.0,3,47.958,140.100,233.100,16.029,34,20.505,0.7450,173,203,143,60,118,0,10,0,11,9
511.2,rl,29,1.0,0,36.613,102.950,153.100,9.403,21,16.783,0.6722,143,154,110,44,90,0,0,4,5,2
511.2,rl,29,1.0,1,41.273,116.433,213.900,14.734,26,19.952,0.7200,170,182,127,55,121,0,3,5,4,0
511.2,rl,29,1.0,2,43.730,112.500,161.683,14.113,29,19.248,0.8889,164,180,129,51,107,0,2,4,4,6
511.2,rl,29,1.0,3,48.092,140.367,233.100,16.178,34,20.304,0.7442,173,205,145,60,120,0,10,0,12,10
516.2,rl,29,1.0,0,36.701,102.950,153.100,9.424,21,16.620,0.7200,143,155,111,44,90,0,0,4,5,3
516.2,rl,29,1.0,1,41.070,116.433,213.900,14.715,26,19.758,0.7000,170,184,129,55,123,0,3,6,5,0
516.2,rl,29,1.0,2,43.601,111.100,161.683,14.135,29,19.177,0.8118,165,182,131,51,107,0,1,4,6,6
516.2,rl,29,1.0,3,48.813,142.100,233.100,16.336,34,20.107,0.7442,173,205,145,60,120,0,10,0,12,10
521.3,rl,29,1.0,0,36.294,102.950,153.100,9.450,21,16.690,0.5788,145,158,114,44,91,0,0,6,6,1
521.3,rl,29,1.0,1,41.341,116.433,213.900,14.703,26,19.683,0.6500,171,184,129,55,123,0,2,6,5,0
521.3,rl,29,1.0,2,43.724,111.100,161.683,14.155,29,19.453,0.5698,169,183,132,51,107,0,1,0,7,6
521.3,rl,29,1.0,3,49.068,142.100,233.100,16.482,34,20.143,0.7485,175,207,146,61,120,0,11,0,10,11
526.3,rl,29,1.0,0,36.350,102.950,153.100,9.485,21,16.531,0.6622,145,159,115,44,92,0,1,6,6,1
526.3,rl,29,1.0,1,41.393,116.433,213.900,14.689,26,19.495,0.6282,171,185,130,55,124,0,2,7,5,0
526.3,rl,29,1.0,2,43.551,111.100,161.683,14.163,29,19.267,0.5614,169,185,134,51,111,0,1,0,7,8
526.3,rl,29,1.0,3,49.332,142.133,233.100,16.589,34,21.091,0.4991,185,208,147,61,120,0,11,0,0,12
531.3,rl,29,1.0,0,36.462,102.950,153.100,9.532,21,16.601,0.6306,147,160,116,44,92,0,1,4,7,1
531.3,rl,29,1.0,1,41.245,116.433,213.900,14.682,26,19.537,0.5444,173,187,132,55,124,0,1,8,5,0
531.3,rl,29,1.0,2,44.317,111.100,161.683,14.213,29,19.085,0.4868,169,194,134,60,111,0,1,0,16,8
531.3,rl,29,1.0,3,49.375,147.150,233.100,16.660,34,20.892,0.5407,185,210,149,61,120,0,12,1,0,12
536.3,rl,29,1.0,0,36.454,99.950,153.100,9.541,21,16.893,0.4630,151,161,117,44,92,0,1,0,7,2
536.3,rl,29,1.0,1,41.330,116.867,213.900,14.678,26,19.354,0.5257,173,188,133,55,126,0,1,9,5,0
536.3,rl,29,1.0,2,44.321,110.417,161.683,14.359,33,18.907,0.6037,169,202,135,67,111,0,1,5,19,8
536.3,rl,29,1.0,3,49.440,147.817,233.100,16.750,34,20.697,0.5376,185,212,151,61,120,0,13,1,0,13
541.3,rl,29,1.0,0,36.681,99.950,153.100,9.545,21,16.736,0.4630,151,161,117,44,92,0,1,0,7,2
541.3,rl,29,1.0,1,41.406,117.183,213.900,14.675,26,19.729,0.5931,178,189,134,55,126,0,1,5,5,0
541.3,rl,29,1.0,2,44.273,110.417,161.683,14.522,36,19.507,0.7645,176,205,136,69,111,0,1,7,12,9
541.3,rl,29,1.0,3,49.304,152.767,233.100,16.851,34,20.505,0.6081,185,215,154,61,120,0,13,2,1,14
546.3,rl,29,1.0,0,36.507,99.950,153.100,9.562,21,16.583,0.5806,151,163,119,44,92,0,2,0,7,3
546.3,rl,29,1.0,1,41.566,117.183,213.900,14.615,26,19.877,0.5333,181,189,134,55,126,0,1,2,5,0
546.3,rl,29,1.0,2,44.210,112.500,161.683,14.607,36,20.426,0.6300,186,207,138,69,114,0,1,7,2,11
546.3,rl,29,1.0,3,49.545,155.050,233.100,17.003,38,20.317,0.8108,185,224,155,69,120,0,13,10,2,14
551.4,rl,29,1.0,0,36.590,99.950,153.100,9.586,21,16.432,0.5487,151,164,120,44,92,0,2,0,8,3
551.4,rl,29,1.0,1,41.725,120.917,213.900,14.545,26,19.805,0.4537,182,189,134,55,126,0,1,1,5,0
551.4,rl,29,1.0,2,43.775,112.500,161.683,14.673,36,20.458,0.7227,188,211,142,69,125,0,3,7,2,11
551.4,rl,29,1.0,3,50.079,156.967,233.100,17.210,40,20.132,0.8163,185,225,155,70,120,0,13,11,2,14
556.4,rl,29,1.0,0,36.803,99.950,153.100,9.599,21,16.931,0.7206,157,164,120,44,92,0,2,0,2,3
556.4,rl,29,1.0,1,41.664,121.183,213.900,14.484,26,19.735,0.3311,183,190,135,55,126,0,1,0,6,0
556.4,rl,29,1.0,2,43.594,112.500,161.683,14.748,36,20.274,0.7613,188,214,145,69,130,0,5,7,2,12
556.4,rl,29,1.0,3,50.539,156.967,233.100,17.378,40,21.137,0.6081,196,226,156,70,120,0,13,1,2,14
561.4,rl,29,1.0,0,36.510,99.950,153.100,9.577,21,16.886,0.6154,158,166,122,44,96,0,4,0,1,3
561.4,rl,29,1.0,1,41.396,121.183,213.900,14.421,26,19.558,0.4939,183,192,137,55,126,0,2,1,6,0
561.4,rl,29,1.0,2,44.040,112.500,161.683,14.852,36,20.200,0.7135,189,214,145,69,130,0,5,7,1,12
561.4,rl,29,1.0,3,50.690,156.967,233.100,17.506,40,21.055,0.6052,197,228,157,71,131,0,14,1,2,14
566.4,rl,29,1.0,0,36.442,99.950,153.100,9.559,21,16.843,0.6154,159,167,123,44,99,0,4,0,1,3
566.4,rl,29,1.0,1,41.150,121.183,213.900,14.382,26,19.385,0.5708,183,194,139,55,126,0,4,1,6,0
566.4,rl,29,1.0,2,44.302,112.500,161.683,14.951,36,20.021,0.7348,189,215,146,69,130,0,6,7,1,12
566.4,rl,29,1.0,3,51.093,157.517,233.100,17.634,40,20.868,0.6400,197,229,158,71,132,0,14,2,2,14
571.4,rl,29,1.0,0,36.391,99.950,153.100,9.550,21,16.695,0.6983,159,168,124,44,100,0,4,0,2,3
571.4,rl,29,1.0,1,40.909,121.733,213.900,14.366,26,19.215,0.5216,183,196,141,55,126,0,4,1,8,0
571.4,rl,29,1.0,2,44.849,112.500,161.683,15.044,36,19.950,0.6823,190,215,146,69,131,0,6,7,0,12
571.4,rl,29,1.0,3,51.290,162.533,233.100,17.766,40,20.790,0.6346,198,231,160,71,132,0,15,2,2,14
576.4,rl,29,1.0,0,36.598,99.950,153.100,9.545,21,16.550,0.6983,159,168,124,44,100,0,4,0,2,3
576.4,rl,29,1.0,1,40.904,121.733,213.900,14.352,26,19.152,0.4356,184,197,142,55,126,0,4,0,9,0
576.4,rl,29,1.0,2,45.143,113.067,161.683,15.120,36,20.297,0.5275,195,216,147,69,132,0,1,8,0,12
576.4,rl,29,1.0,3,51.275,167.550,233.100,17.898,40,20.609,0.6559,198,234,163,71,133,0,16,3,2,15
581.5,rl,29,1.0,0,36.374,99.950,153.100,9.537,21,16.613,0.5786,161,170,126,44,100,0,5,0,1,3
581.5,rl,29,1.0,1,40.951,121.733,213.900,14.341,26,18.986,0.4623,184,198,143,55,126,0,5,0,9,0
581.5,rl,29,1.0,2,45.374,118.083,161.683,15.172,36,20.225,0.4732,196,217,148,69,132,0,0,8,0,13
581.5,rl,29,1.0,3,51.496,172.567,233.100,18.069,40,20.534,0.6494,199,236,164,72,133,0,17,3,2,15
586.5,rl,29,1.0,0,36.581,99.950,153.100,9.532,21,16.471,0.5786,161,170,126,44,102,0,5,0,1,3
586.5,rl,29,1.0,1,40.650,121.183,213.900,14.355,26,18.824,0.5971,184,201,146,55,126,0,6,0,9,2
586.5,rl,29,1.0,2,45.621,119.417,161.683,15.228,36,20.052,0.4840,196,218,149,69,132,0,0,9,0,13
586.5,rl,29,1.0,3,51.062,156.967,233.100,18.274,43,20.768,0.5970,203,243,165,78,134,0,23,4,2,11
591.5,rl,29,1.0,0,36.521,99.950,153.100,9.521,21,16.636,0.4537,164,171,127,44,102,0,5,1,1,0
591.5,rl,29,1.0,1,44.780,151.733,220.050,14.383,26,18.766,0.7206,185,206,146,60,126,0,6,0,9,6
591.5,rl,29,1.0,2,45.683,119.417,161.683,15.287,36,19.882,0.5714,196,220,151,69,132,0,1,9,1,13
591.5,rl,29,1.0,3,51.185,156.967,233.100,18.397,43,21.708,0.3971,214,245,167,78,134,0,24,5,2,0
596.5,rl,29,1.0,0,36.697,99.950,153.100,9.499,21,16.496,0.4537,164,171,127,44,105,0,5,1,1,0
596.5,rl,29,1.0,1,46.129,151.733,220.050,14.487,31,18.709,0.7004,186,217,147,70,128,0,6,1,9,15
596.5,rl,29,1.0,2,45.512,119.350,163.817,15.375,36,20.117,0.7557,200,223,154,69,132,0,2,9,3,9
596.5,rl,29,1.0,3,51.546,156.967,233.100,18.507,43,21.525,0.3914,214,246,168,78,134,0,25,5,2,0
