phase0,phase1,phase2,phase3,q_right,q_down,q_left,q_up,avg_wait_right,avg_wait_down,avg_wait_left,avg_wait_up,max_wait_right,max_wait_down,max_wait_left,max_wait_up,action
1.0,0.0,0.0,0.0,0.0,0.05,0.0,0.0,0.0,0.0,0.0,0.0,0.0,0.0,0.0,0.0,1
1.0,0.0,0.0,0.0,0.05,0.0,0.0,0.05,0.0,0.0,0.0,0.03555555555555544,0.0,0.0,0.0,0.03555555555555544,0
1.0,0.0,0.0,0.0,0.0,0.0,0.05,0.0,0.0,0.0,0.0,0.0,0.0,0.0,0.0,0.0,2
1.0,0.0,0.0,0.0,0.0,0.05,0.0,0.0,0.0,0.0,0.0,0.0,0.0,0.0,0.0,0.0,1
0.0,1.0,0.0,0.0,0.0,0.0,0.0,0.0,0.0,0.0,0.0,0.0,0.0,0.0,0.0,0.0,0
0.0,0.0,1.0,0.0,0.05,0.1,0.0,0.05,0.03694444444444625,0.04527777777777891,0.0,0.049166666666669086,0.03694444444444625,0.07472222222222373,0.0,0.049166666666669086,1
0.0,1.0,0.0,0.0,0.1,0.05,0.05,0.0,0.07027777777778124,0.0,0.0,0.0,0.08694444444444874,0.0,0.0,0.0,0
1.0,0.0,0.0,0.0,0.05,0.1,0.05,0.05,0.0,0.07347222222222331,0.0,0.2522222222222266,0.0,0.132500000000003,0.0,0.2522222222222266,1
1.0,0.0,0.0,0.0,0.0,0.05,0.0,0.05,0.0,0.0,0.0,0.0855555555555507,0.0,0.0,0.0,0.0855555555555507,1
0.0,1.0,0.0,0.0,0.1,0.0,0.05,0.1,0.12861111111110576,0.0,0.0,0.18402777777776994,0.25361111111110063,0.0,0.0,0.26583333333332343,0
1.0,0.0,0.0,0.0,0.0,0.15,0.15,0.05,0.0,0.19824074074073297,0.09296296296295767,0.13555555555554785,0.0,0.24833333333332977,0.2069444444444327,0.13555555555554785,1
0.0,1.0,0.0,0.0,0.1,0.0,0.05,0.15,0.07694444444444007,0.0,0.1402777777777698,0.1893518518518473,0.15388888888888014,0.0,0.1402777777777698,0.46888888888888103,3
0.0,1.0,0.0,0.0,0.05,0.0,0.0,0.05,0.036944444444442344,0.0,0.0,0.30222222222220513,0.036944444444442344,0.0,0.0,0.30222222222220513,0
1.0,0.0,0.0,0.0,0.05,0.1,0.1,0.2,0.0,0.08888888888888384,0.06902777777777386,0.24652777777776513,0.0,0.10138888888888313,0.13805555555554772,0.48249999999997784,3
0.0,1.0,0.0,0.0,0.15,0.05,0.25,0.05,0.14685185185184485,0.0,0.1971666666666555,0.368888888888868,0.34527777777776214,0.0,0.4402777777777528,0.368888888888868,2
0.0,0.0,0.0,1.0,0.15,0.05,0.1,0.0,0.23675925925924585,0.18249999999998961,0.29027777777776126,0.0,0.4372222222221974,0.18249999999998961,0.42361111111108707,0.0,0
1.0,0.0,0.0,0.0,0.05,0.0,0.0,0.1,0.0,0.0,0.0,0.24277777777776402,0.0,0.0,0.0,0.48555555555552804,3
0.0,0.0,0.0,1.0,0.15,0.1,0.4,0.0,0.10648148148147543,0.3722222222222011,0.2779513888888731,0.0,0.2763888888888732,0.38472222222220037,0.5236111111110814,0.0,2
0.0,0.0,1.0,0.0,0.2,0.05,0.05,0.05,0.3040972222222059,0.28111111111109516,0.0,0.6522222222221852,0.6286111111110794,0.28111111111109516,0.0,0.6522222222221852,0
1.0,0.0,0.0,0.0,0.0,0.05,0.15,0.1,0.0,0.4491666666666411,0.3712962962962752,0.0949999999999946,0.0,0.4491666666666411,0.6902777777777386,0.12083333333332646,2
0.0,0.0,0.0,1.0,0.15,0.1,0.15,0.0,0.13638888888888123,0.07027777777777384,0.10203703703703132,0.0,0.2455555555555417,0.1405555555555477,0.17444444444443466,0.0,0
1.0,0.0,0.0,0.0,0.0,0.15,0.1,0.1,0.0,0.24425925925924544,0.09486111111110572,0.45944444444441845,0.0,0.5477777777777467,0.16194444444443523,0.9188888888888369,1
0.0,0.0,1.0,0.0,0.05,0.05,0.0,0.1,0.0,0.6824999999999614,0.0,0.32833333333331477,0.0,0.6824999999999614,0.0,0.35416666666664665,3
0.0,0.0,1.0,0.0,0.2,0.2,0.05,0.0,0.36791666666664585,0.5094444444444155,0.0,0.0,0.6597222222221848,0.768055555555512,0.0,0.0,0
1.0,0.0,0.0,0.0,0.0,0.1,0.35,0.05,0.0,0.31444444444442665,0.3637698412698207,0.0,0.0,0.40722222222219917,0.8327777777777307,0.0,2
0.0,0.0,0.0,1.0,0.25,0.1,0.0,0.0,0.2309999999999869,0.4536111111110854,0.0,0.0,0.3941666666666444,0.8991666666666157,0.0,0.0,0
0.0,1.0,0.0,0.0,0.2,0.05,0.15,0.15,0.06506944444444075,0.0,0.2215740740740615,0.4932407407407128,0.11805555555554885,0.0,0.3952777777777553,1.0,0
1.0,0.0,0.0,0.0,0.05,0.3,0.05,0.0,0.0,0.5751851851851525,0.2561111111110966,0.0,0.0,1.0,0.2561111111110966,0.0,1
0.0,0.0,1.0,0.0,0.0,0.1,0.0,0.2,0.0,0.6477777777777409,0.0,0.15374999999999125,0.0,0.7405555555555136,0.0,0.2799999999999841,3
1.0,0.0,0.0,0.0,0.0,0.15,0.05,0.05,0.0,0.5142592592592301,0.09611111111110565,0.19194444444443354,0.0,1.0,0.09611111111110565,0.19194444444443354,1
1.0,0.0,0.0,0.0,0.0,0.15,0.3,0.2,0.0,0.26712962962961445,0.3412037037036843,0.6449305555555189,0.0,0.3216666666666484,0.7619444444444011,1.0,2
0.0,1.0,0.0,0.0,0.2,0.05,0.2,0.1,0.08819444444443943,0.0,0.19006944444443363,0.07638888888888455,0.31083333333331564,0.0,0.5727777777777452,0.1527777777777691,0
0.0,0.0,0.0,1.0,0.05,0.15,0.05,0.05,0.11944444444443765,0.6305555555555197,0.10749999999999389,0.0,0.11944444444443765,1.0,0.10749999999999389,0.0,1
0.0,1.0,0.0,0.0,0.05,0.0,0.05,0.1,0.10333333333332746,0.0,0.3294444444444257,0.2126388888888768,0.10333333333332746,0.0,0.3294444444444257,0.4252777777777536,3
0.0,0.0,1.0,0.0,0.3,0.5,0.05,0.2,0.12699074074074876,0.444805555555577,0.0,0.9512500000000027,0.39416666666664424,1.0,0.0,1.0,1
1.0,0.0,0.0,0.0,0.0,0.25,0.5,0.15,0.0,0.5043888888888989,0.4593055555555799,0.2113888888889241,0.0,1.0,0.8852777777777615,0.4194444444444914,2
0.0,1.0,0.0,0.0,0.1,0.05,0.2,0.05,0.21166666666673434,0.0,0.09958333333336473,0.20138888888897669,0.35277777777785696,0.0,0.3408333333334132,0.20138888888897669,2
0.0,0.0,0.0,1.0,0.05,0.0,0.05,0.0,0.32000000000008105,0.0,0.5461111111111793,0.0,0.32000000000008105,0.0,0.5461111111111793,0.0,0
1.0,0.0,0.0,0.0,0.0,0.05,0.1,0.0,0.0,0.0,0.37777777777789523,0.0,0.0,0.0,0.7294444444446585,0.0,2
0.0,0.0,1.0,0.0,0.15,0.1,0.05,0.05,0.35351851851873267,0.17638888888902926,0.0,0.46805555555585554,0.6194444444447359,0.25166666666686693,0.0,0.46805555555585554,0
0.0,0.0,1.0,0.0,0.1,0.3,0.0,0.3,0.0727777777778357,0.8246296296299599,0.0,0.3822222222224599,0.1455555555556714,1.0,0.0,0.8361111111114897,1
0.0,1.0,0.0,0.0,0.35,0.0,0.1,0.4,0.4799206349209371,0.0,0.2608333333335409,0.7700000000002356,0.7761111111113926,0.0,0.37750000000030043,1.0,3
0.0,0.0,1.0,0.0,0.05,0.1,0.05,0.05,0.0,0.15041666666678638,0.0,0.08138888888895365,0.0,0.20250000000016116,0.0,0.08138888888895365,1
1.0,0.0,0.0,0.0,0.0,0.1,0.15,0.05,0.0,0.44305555555590814,0.4348148148150387,0.7347222222227344,0.0,0.5183333333337459,0.9211111111114777,0.7347222222227344,2
0.0,1.0,0.0,0.0,0.3,0.0,0.1,0.55,0.2864814814816759,0.0,0.10611111111119556,0.6872979797982524,0.7622222222226273,0.0,0.21222222222239112,1.0,3
0.0,1.0,0.0,0.0,0.1,0.0,0.05,0.4,0.3788888888891904,0.0,0.16833333333346728,0.5461111111114959,0.4622222222225901,0.0,0.16833333333346728,1.0,3
0.0,0.0,0.0,1.0,0.45,0.15,0.2,0.05,0.7079320987659334,0.3102777777780247,0.3149305555558062,0.0,1.0,0.4269444444447842,0.7441666666672588,0.0,0
0.0,0.0,1.0,0.0,0.05,0.1,0.1,0.05,0.015555555555567934,0.6763888888894272,0.0,0.9680555555562534,0.015555555555567934,0.7516666666672649,0.0,0.9680555555562534,1
0.0,1.0,0.0,0.0,0.15,0.0,0.25,0.45,0.07740740740746901,0.0,0.07488888888894848,0.7680246913585834,0.23222222222240702,0.0,0.1641666666667973,1.0,3
0.0,0.0,0.0,1.0,0.15,0.35,0.05,0.0,0.5525000000004396,0.3253571428574018,0.5350000000004258,0.0,0.8288888888895485,0.968333333334104,0.5350000000004258,0.0,1
0.0,0.0,0.0,1.0,0.35,0.1,0.2,0.0,0.7544841269846986,0.10000000000007958,0.4461111111114661,0.0,1.0,0.20000000000015916,0.7288888888894689,0.0,0
1.0,0.0,0.0,0.0,0.0,0.2,0.3,0.1,0.0,0.5310416666670893,0.43606481481516185,0.1669444444445773,0.0,0.8102777777784226,1.0,0.3338888888891546,2
0.0,0.0,0.0,1.0,0.25,0.15,0.3,0.0,0.3077222222224671,0.028425925925948548,0.4065740740743976,0.0,0.6488888888894053,0.04333333333336782,0.5808333333337956,0.0,2
0.0,1.0,0.0,0.0,0.25,0.0,0.4,0.1,0.5819444444449076,0.0,0.5506250000004382,0.07819444444450667,1.0,0.0,1.0,0.15638888888901334,2
0.0,0.0,1.0,0.0,0.0,0.2,0.1,0.1,0.0,0.847708333334008,0.0,0.4422222222225741,0.0,1.0,0.0,0.6505555555560733,1
1.0,0.0,0.0,0.0,0.05,0.2,0.25,0.05,0.0,0.3220833333335896,0.6640000000005285,0.06472222222227372,0.0,0.5333333333337578,1.0,0.06472222222227372,2
0.0,1.0,0.0,0.0,0.05,0.05,0.15,0.15,0.0,0.0,0.15750000000012535,0.4725925925929687,0.0,0.0,0.23722222222241102,0.9172222222229521,2
0.0,0.0,1.0,0.0,0.3,0.35,0.35,0.05,0.5343518518522771,0.22071428571446136,0.54293650793694,0.04000000000003183,0.9822222222230039,0.3766666666669664,1.0,0.04000000000003183,1
0.0,0.0,1.0,0.0,0.1,0.3,0.05,0.1,0.237916666666856,0.47162037037074567,0.0,0.1906944444445962,0.30388888888913074,0.8500000000006764,0.0,0.3813888888891924,1
0.0,0.0,1.0,0.0,0.3,0.0,0.05,0.15,0.8265277777784354,0.0,0.0,0.2498148148150136,1.0,0.0,0.0,0.5230555555559718,0
0.0,0.0,1.0,0.0,0.05,0.25,0.0,0.3,0.08638888888895764,0.49900000000039707,0.0,0.3519907407410209,0.08638888888895764,0.9333333333340761,0.0,1.0,3
0.0,1.0,0.0,0.0,0.4,0.05,0.35,0.05,0.7125347222226495,0.0,0.8698412698418194,0.4066666666668477,1.0,0.0,1.0,0.4066666666668477,0
0.0,1.0,0.0,0.0,0.1,0.0,0.2,0.2,0.5545833333336321,0.0,0.060000000000012106,0.2459722222223333,0.6205555555559068,0.0,0.24000000000004842,0.6980555555559685,2
1.0,0.0,0.0,0.0,0.0,0.5,0.2,0.25,0.0,0.3723055555556793,0.2968055555556133,0.3752222222223613,0.0,0.6511111111114298,0.43944444444459757,0.8397222222226911,1
0.0,0.0,0.0,1.0,0.45,0.4,0.0,0.0,0.8187037037040225,0.7535763888890334,0.0,0.0,1.0,1.0,0.0,0.0,0
0.0,0.0,1.0,0.0,0.5,0.1,0.0,0.75,0.8075277777780643,0.011805555555544819,0.0,0.4315555555555246,1.0,0.023611111111089638,0.0,1.0,3
1.0,0.0,0.0,0.0,0.0,0.05,0.75,0.15,0.0,0.3444444444441312,0.6592222222222662,0.257777777777727,0.0,0.3444444444441312,1.0,0.7733333333331809,2
0.0,1.0,0.0,0.0,0.0,0.05,0.35,0.3,0.0,0.0,0.4472222222220027,0.6622685185183165,0.0,0.0,0.8727777777775368,1.0,2
1.0,0.0,0.0,0.0,0.0,0.4,0.15,0.0,0.0,1.0,0.08157407407399989,0.0,0.0,1.0,0.15305555555541636,0.0,1
1.0,0.0,0.0,0.0,0.0,0.0,0.0,0.0,0.0,0.0,0.0,0.0,0.0,0.0,0.0,0.0,0
1.0,0.0,0.0,0.0,0.0,0.0,0.0,0.05,0.0,0.0,0.0,0.025277777777777694,0.0,0.0,0.0,0.025277777777777694,3
1.0,0.0,0.0,0.0,0.0,0.0,0.1,0.0,0.0,0.0,0.0,0.0,0.0,0.0,0.0,0.0,2
1.0,0.0,0.0,0.0,0.0,0.0,0.05,0.05,0.0,0.0,0.0,0.0,0.0,0.0,0.0,0.0,2
1.0,0.0,0.0,0.0,0.0,0.0,0.0,0.05,0.0,0.0,0.0,0.05861111111111403,0.0,0.0,0.0,0.05861111111111403,3
0.0,0.0,0.0,1.0,0.0,0.05,0.05,0.0,0.0,0.06583333333333657,0.0,0.0,0.0,0.06583333333333657,0.0,0.0,1
0.0,0.0,1.0,0.0,0.05,0.0,0.05,0.1,0.0,0.0,0.0,0.12208333333333558,0.0,0.0,0.0,0.17527777777778245,3
0.0,0.0,1.0,0.0,0.05,0.05,0.1,0.1,0.05361111111110842,0.06444444444444229,0.028888888888889675,0.09277777777777965,0.05361111111110842,0.06444444444444229,0.05777777777777935,0.1855555555555593,2
0.0,0.0,0.0,1.0,0.1,0.05,0.0,0.0,0.043472222222219754,0.008055555555555097,0.0,0.0,0.08694444444443951,0.008055555555555097,0.0,0.0,0
0.0,1.0,0.0,0.0,0.0,0.0,0.05,0.05,0.0,0.0,0.14111111111110308,0.09194444444443922,0.0,0.0,0.14111111111110308,0.09194444444443922,2
0.0,0.0,0.0,1.0,0.1,0.05,0.1,0.0,0.08499999999999516,0.2241666666666609,0.14499999999999175,0.0,0.16999999999999033,0.2241666666666609,0.18277777777776738,0.0,0
0.0,0.0,1.0,0.0,0.05,0.15,0.0,0.2,0.28694444444442857,0.199814814814804,0.0,0.15868055555555013,0.28694444444442857,0.2977777777777624,0.0,0.41888888888887943,3
0.0,0.0,1.0,0.0,0.15,0.0,0.0,0.25,0.06203703703703351,0.0,0.0,0.2224999999999911,0.1702777777777681,0.0,0.0,0.3830555555555485,3
1.0,0.0,0.0,0.0,0.0,0.15,0.1,0.1,0.0,0.15166666666665807,0.1697222222222126,0.004305555555555311,0.0,0.2247222222222095,0.22444444444443168,0.008611111111110622,1
1.0,0.0,0.0,0.0,0.05,0.05,0.15,0.0,0.0,0.4408333333333153,0.24111111111109743,0.0,0.0,0.4408333333333153,0.3994444444444218,0.0,2
0.0,0.0,0.0,1.0,0.15,0.25,0.0,0.05,0.2480555555555416,0.3843888888888674,0.0,0.0,0.5536111111110801,0.5644444444444139,0.0,0.0,1
0.0,1.0,0.0,0.0,0.15,0.0,0.1,0.35,0.038888888888886676,0.0,0.37694444444442304,0.310039682539667,0.09055555555555041,0.0,0.4055555555555325,0.6663888888888654,3
0.0,0.0,0.0,1.0,0.3,0.05,0.05,0.0,0.20754629629628452,0.09916666666666103,0.0,0.0,0.411944444444421,0.09916666666666103,0.0,0.0,0
0.0,0.0,1.0,0.0,0.1,0.05,0.05,0.0,0.10361111111110523,0.6741666666666355,0.0,0.0,0.20722222222221046,0.6741666666666355,0.0,0.0,0
0.0,1.0,0.0,0.0,0.3,0.0,0.35,0.15,0.30240740740739036,0.0,0.20948412698411517,0.2412037037036901,0.8702777777777287,0.0,0.6238888888888536,0.2613888888888741,2
1.0,0.0,0.0,0.0,0.05,0.05,0.05,0.0,0.0,0.89083333333329,0.18444444444443409,0.0,0.0,0.89083333333329,0.18444444444443409,0.0,0
0.0,0.0,0.0,1.0,0.15,0.0,0.15,0.05,0.3688888888888681,0.0,0.4735185185184917,0.0,0.4238888888888649,0.0,0.738888888888847,0.0,0
1.0,0.0,0.0,0.0,0.0,0.15,0.1,0.05,0.0,0.25240740740739315,0.23222222222220915,0.12611111111110393,0.0,0.4158333333333098,0.2661111111110961,0.12611111111110393,1
1.0,0.0,0.0,0.0,0.0,0.15,0.05,0.0,0.0,0.6466666666666324,0.40111111111108844,0.0,0.0,1.0,0.40111111111108844,0.0,1
1.0,0.0,0.0,0.0,0.0,0.1,0.15,0.15,0.0,0.08736111111110614,0.696018518518479,0.10574074074073472,0.0,0.1747222222222123,0.972222222222167,0.1841666666666562,2
0.0,0.0,1.0,0.0,0.35,0.1,0.05,0.15,0.5601190476190159,0.11722222222221555,0.0,0.5745370370370044,1.0,0.2127777777777657,0.0,0.5947222222221885,0
0.0,1.0,0.0,0.0,0.3,0.05,0.25,0.05,0.2543981481481337,0.0,0.2541111111110967,0.39277777777775547,0.5127777777777488,0.0,0.5327777777777476,0.39277777777775547,0
0.0,0.0,1.0,0.0,0.0,0.15,0.0,0.15,0.0,0.2580555555555409,0.0,0.31231481481479706,0.0,0.40805555555553236,0.0,0.4174999999999763,1
0.0,1.0,0.0,0.0,0.2,0.05,0.1,0.1,0.5343055555555253,0.0,0.3643055555555349,0.04055555555555325,1.0,0.0,0.6844444444444057,0.0811111111111065,0
1.0,0.0,0.0,0.0,0.05,0.2,0.1,0.3,0.0,0.31097222222220455,0.14055555555554758,0.4557870370370111,0.0,0.54611111111108,0.28111111111109516,0.9280555555555029,3
1.0,0.0,0.0,0.0,0.05,0.05,0.25,0.1,0.0,0.2688888888888736,0.5588333333333017,0.39916666666664397,0.0,0.2688888888888736,0.8494444444443963,0.7094444444444041,2
0.0,1.0,0.0,0.0,0.0,0.0,0.05,0.2,0.0,0.0,0.003333333333333144,0.47361111111108417,0.0,0.0,0.003333333333333144,0.6841666666666277,3
1.0,0.0,0.0,0.0,0.05,0.15,0.15,0.15,0.0,0.14444444444443624,0.49842592592589763,0.2818518518518358,0.0,0.3499999999999801,1.0,0.46444444444441807,1
0.0,0.0,1.0,0.0,0.05,0.2,0.0,0.15,0.2524999999999856,0.20513888888887724,0.0,0.4784259259258988,0.2524999999999856,0.5522222222221909,0.0,0.9927777777777214,1
0.0,0.0,0.0,1.0,0.15,0.45,0.15,0.05,0.17999999999998978,0.530401234567871,0.3441666666666471,0.0,0.31277777777776,0.8627777777777287,0.5977777777777438,0.0,1
0.0,1.0,0.0,0.0,0.1,0.05,0.2,0.2,0.09833333333341158,0.14805555555559355,0.5750694444445549,0.45527777777792106,0.19666666666682317,0.14805555555559355,1.0,0.7311111111112398,2
0.0,0.0,0.0,1.0,0.05,0.05,0.4,0.0,0.0,0.0,0.6711111111112518,0.0,0.0,0.0,1.0,0.0,2
0.0,1.0,0.0,0.0,0.1,0.0,0.15,0.15,0.25958333333341793,0.0,0.053333333333375775,0.745092592592749,0.5191666666668359,0.0,0.15861111111123732,1.0,2
0.0,1.0,0.0,0.0,0.3,0.0,0.15,0.1,0.29398148148163145,0.0,0.727500000000271,0.2801388888891118,0.6961111111113839,0.0,0.9811111111113677,0.31972222222247665,0
0.0,0.0,1.0,0.0,0.1,0.0,0.0,0.2,0.485972222222487,0.0,0.0,0.7338194444447009,0.7525000000003549,0.0,0.0,1.0,3
0.0,0.0,1.0,0.0,0.15,0.2,0.0,0.3,0.233611111111297,0.1797222222223453,0.0,0.5411111111113958,0.4633333333337021,0.41444444444469447,0.0,0.9977777777781187,3
0.0,0.0,1.0,0.0,0.25,0.1,0.0,0.15,0.12711111111121226,0.22013888888906408,0.0,0.015000000000011938,0.3108333333335807,0.30027777777801673,0.0,0.04500000000003581,0
1.0,0.0,0.0,0.0,0.0,0.1,0.5,0.1,0.0,0.16125000000012832,0.6703888888891911,0.5968055555560305,0.0,0.18444444444459124,1.0,0.6363888888893954,2
0.0,0.0,0.0,1.0,0.1,0.1,0.05,0.05,0.7693055555560459,0.03805555555558584,0.0,0.0,1.0,0.061111111111159744,0.0,0.0,0
0.0,0.0,0.0,1.0,0.55,0.25,0.05,0.0,0.42575757575786877,0.39611111111141034,0.15611111111123535,0.0,0.9147222222226691,0.7311111111116131,0.15611111111123535,0.0,0
1.0,0.0,0.0,0.0,0.0,0.1,0.05,0.2,0.0,0.5034722222226229,0.0236111111111299,0.20604166666683063,0.0,0.5836111111115756,0.0236111111111299,0.3283333333335946,3
1.0,0.0,0.0,0.0,0.0,0.1,0.1,0.3,0.0,0.3547222222225045,0.13472222222232944,0.10439814814823123,0.0,0.3777777777780784,0.24888888888908695,0.2586111111113169,3
0.0,0.0,1.0,0.0,0.1,0.1,0.0,0.2,0.06555555555560773,0.5779166666671266,0.0,0.5116666666670738,0.13111111111121546,0.6011111111115894,0.0,1.0,3
0.0,0.0,0.0,1.0,0.05,0.1,0.05,0.05,0.0,0.8201388888895416,0.3402777777780486,0.0,0.0,0.9002777777784943,0.3402777777780486,0.0,1
1.0,0.0,0.0,0.0,0.05,0.35,0.2,0.05,0.0,0.6592857142862275,0.26909722222243637,0.25000000000019895,0.0,1.0,0.6227777777782734,0.25000000000019895,1
0.0,0.0,0.0,1.0,0.15,0.2,0.05,0.0,0.24509259259278765,0.8740277777784733,0.05777777777782376,0.0,0.3977777777780943,0.9836111111118939,0.05777777777782376,0.0,1
0.0,0.0,0.0,1.0,0.0,0.25,0.2,0.05,0.0,0.32127777777803346,0.22569444444462405,0.0,0.0,0.6944444444449971,0.5655555555560057,0.0,1
0.0,1.0,0.0,0.0,0.1,0.0,0.1,0.25,0.13833333333344341,0.0,0.3298611111113736,0.636444444444951,0.22444444444462305,0.0,0.6069444444449275,1.0,3
0.0,1.0,0.0,0.0,0.05,0.25,0.2,0.05,0.31861111111136464,0.24916666666686496,0.578680555556016,0.5833333333337976,0.31861111111136464,0.7777777777783967,0.956111111111872,0.5833333333337976,1
0.0,1.0,0.0,0.0,0.25,0.0,0.1,0.05,0.3586111111113965,0.0,0.1911111111112632,0.08583333333340164,0.714444444445013,0.0,0.37444444444474245,0.08583333333340164,0
0.0,1.0,0.0,0.0,0.1,0.0,0.2,0.15,0.10944444444453154,0.0,0.5083333333337379,0.0889814814815523,0.15444444444456734,0.0,0.8822222222229243,0.13361111111121743,2
0.0,0.0,0.0,1.0,0.2,0.0,0.15,0.0,0.2698611111113259,0.0,0.4693518518522254,0.0,0.5577777777782217,0.0,0.9402777777785261,0.0,0
0.0,1.0,0.0,0.0,0.4,0.0,0.25,0.1,0.36583333333362444,0.0,0.7296111111116917,0.5359722222226487,0.8011111111117486,0.0,1.0,0.9166666666673962,0
0.0,0.0,1.0,0.0,0.1,0.05,0.0,0.3,0.37611111111141043,0.05888888888893575,0.0,0.22972222222240504,0.4211111111114462,0.05888888888893575,0.0,0.4002777777780963,3
1.0,0.0,0.0,0.0,0.05,0.0,0.15,0.05,0.0,0.0,0.316296296296548,0.36916666666696046,0.0,0.0,0.6577777777783013,0.36916666666696046,2
1.0,0.0,0.0,0.0,0.1,0.0,0.4,0.0,0.0,0.0,0.6436111111116233,0.0,0.0,0.0,1.0,0.0,2
0.0,0.0,1.0,0.0,0.05,0.1,0.0,0.05,0.17999999999994382,0.08027777777770477,0.0,0.6525000000003198,0.17999999999994382,0.08861111111103052,0.0,0.6525000000003198,1
0.0,0.0,0.0,1.0,0.45,0.15,0.15,0.05,0.4259876543211032,0.17592592592589398,0.037037037037003354,0.0,0.8477777777781962,0.37555555555559816,0.11111111111101006,0.0,0
1.0,0.0,0.0,0.0,0.1,0.1,0.3,0.1,0.0,0.06833333333327118,0.9124537037041927,0.9193055555560025,0.0,0.06944444444438129,1.0,1.0,2
0.0,0.0,1.0,0.0,0.1,0.05,0.0,0.25,0.3249999999997132,0.19416666666649007,0.0,0.04205555555551731,0.34388888888859365,0.19416666666649007,0.0,0.20694444444425622,3
0.0,1.0,0.0,0.0,0.05,0.0,0.05,0.1,0.3966666666664134,0.0,0.0,0.4701388888889179,0.3966666666664134,0.0,0.0,0.8691666666667894,3
0.0,0.0,1.0,0.0,0.15,0.1,0.05,0.15,0.18277777777761153,0.38499999999964984,0.0,0.8810185185185726,0.2783333333330802,0.38611111111075996,0.0,1.0,0
1.0,0.0,0.0,0.0,0.0,0.25,0.15,0.1,0.0,0.36533333333307794,0.3517592592589393,0.08361111111103507,0.0,0.7588888888885829,0.49444444444399477,0.1669444444442926,1
0.0,0.0,0.0,1.0,0.1,0.05,0.45,0.0,0.30666666666644155,0.07277777777771159,0.7446913580248932,0.0,0.6133333333328831,0.07277777777771159,1.0,0.0,2
0.0,0.0,0.0,1.0,0.3,0.1,0.05,0.1,0.20277777777759629,0.292499999999734,0.008611111111103279,0.6334722222221028,0.6272222222216693,0.4774999999995657,0.008611111111103279,1.0,0
1.0,0.0,0.0,0.0,0.0,0.25,0.05,0.15,0.0,0.6343333333328333,0.09138888888880577,1.0,0.0,0.8422222222218404,0.09138888888880577,1.0,1
1.0,0.0,0.0,0.0,0.0,0.0,0.05,0.0,0.0,0.0,0.0,0.0,0.0,0.0,0.0,0.0,2
1.0,0.0,0.0,0.0,0.05,0.0,0.0,0.0,0.0,0.0,0.0,0.0,0.0,0.0,0.0,0.0,0
1.0,0.0,0.0,0.0,0.0,0.0,0.0,0.05,0.0,0.0,0.0,0.03249999999999989,0.0,0.0,0.0,0.03249999999999989,3
1.0,0.0,0.0,0.0,0.05,0.0,0.05,0.0,0.0,0.0,0.0,0.0,0.0,0.0,0.0,0.0,0
1.0,0.0,0.0,0.0,0.0,0.05,0.0,0.1,0.0,0.13250000000000656,0.0,0.024583333333334543,0.0,0.13250000000000656,0.0,0.049166666666669086,3
1.0,0.0,0.0,0.0,0.0,0.0,0.1,0.05,0.0,0.0,0.06569444444444768,0.0355555555555573,0.0,0.0,0.10777777777778311,0.0355555555555573,2
0.0,0.0,0.0,1.0,0.0,0.0,0.0,0.0,0.0,0.0,0.0,0.0,0.0,0.0,0.0,0.0,0
0.0,0.0,1.0,0.0,0.0,0.0,0.0,0.2,0.0,0.0,0.0,0.07562499999999812,0.0,0.0,0.0,0.17416666666666558,3
1.0,0.0,0.0,0.0,0.0,0.15,0.05,0.0,0.0,0.03046296296296123,0.1911111111111117,0.0,0.0,0.09138888888888369,0.1911111111111117,0.0,1
0.0,0.0,1.0,0.0,0.0,0.0,0.05,0.1,0.0,0.0,0.0,0.18874999999999117,0.0,0.0,0.0,0.25222222222221163,3
0.0,0.0,0.0,1.0,0.1,0.05,0.05,0.0,0.08680555555555063,0.3658333333333266,0.05777777777777449,0.0,0.13694444444443665,0.3658333333333266,0.05777777777777449,0.0,0
0.0,0.0,0.0,1.0,0.1,0.0,0.0,0.05,0.0,0.0,0.0,0.0,0.0,0.0,0.0,0.0,0
0.0,0.0,0.0,1.0,0.05,0.0,0.1,0.05,0.1263888888888817,0.0,0.09111111111110597,0.0,0.1263888888888817,0.0,0.17444444444443458,0.0,2
0.0,1.0,0.0,0.0,0.0,0.05,0.15,0.05,0.0,0.0,0.2537962962962865,0.023055555555554243,0.0,0.0,0.38222222222221197,0.023055555555554243,2
1.0,0.0,0.0,0.0,0.0,0.15,0.2,0.1,0.0,0.2605555555555455,0.08284722222221753,0.330138888888872,0.0,0.5991666666666469,0.2911111111110946,0.410555555555536,2
1.0,0.0,0.0,0.0,0.0,0.0,0.05,0.1,0.0,0.0,0.06527777777777406,0.08999999999999489,0.0,0.0,0.06527777777777406,0.17999999999998978,3
0.0,0.0,1.0,0.0,0.1,0.05,0.0,0.05,0.17152777777776804,0.07472222222221797,0.0,0.1927777777777668,0.3430555555555361,0.07472222222221797,0.0,0.1927777777777668,0
0.0,0.0,1.0,0.0,0.05,0.05,0.05,0.05,0.0,0.24388888888887503,0.0,0.30638888888887145,0.0,0.24388888888887503,0.0,0.30638888888887145,0
0.0,0.0,1.0,0.0,0.1,0.15,0.0,0.2,0.20708333333332157,0.5375925925925668,0.0,0.34256944444442594,0.2286111111110981,0.8824999999999641,0.0,0.6938888888888533,3
0.0,0.0,0.0,1.0,0.15,0.05,0.4,0.0,0.05611111111110792,0.0,0.12368055555554852,0.0,0.10916666666666046,0.0,0.4241666666666426,0.0,2
1.0,0.0,0.0,0.0,0.0,0.05,0.05,0.05,0.0,0.29138888888887243,0.08444444444443976,0.4094444444444213,0.0,0.29138888888887243,0.08444444444443976,0.4094444444444213,1
1.0,0.0,0.0,0.0,0.0,0.05,0.1,0.05,0.0,0.4605555555555295,0.050694444444441565,0.523055555555526,0.0,0.4605555555555295,0.10138888888888313,0.523055555555526,2
0.0,0.0,0.0,1.0,0.15,0.25,0.05,0.0,0.33398148148146256,0.5057222222221963,0.0,0.0,0.49527777777774973,1.0,0.0,0.0,1
0.0,1.0,0.0,0.0,0.1,0.0,0.05,0.1,0.03444444444444254,0.0,0.2677777777777627,0.29652777777776096,0.06888888888888509,0.0,0.2677777777777627,0.5927777777777442,0
0.0,0.0,1.0,0.0,0.05,0.05,0.0,0.15,0.05722222222221897,0.6772222222221839,0.0,0.27055555555554023,0.05722222222221897,0.6772222222221839,0.0,0.7397222222221803,3
0.0,0.0,1.0,0.0,0.3,0.2,0.05,0.05,0.34189814814812874,0.25159722222220793,0.0,0.20777777777776596,0.5258333333333035,0.3977777777777553,0.0,0.20777777777776596,0
1.0,0.0,0.0,0.0,0.0,0.25,0.15,0.35,0.0,0.6619444444444097,0.16148148148147234,0.1950396825396715,0.0,1.0,0.48444444444441703,0.8094444444443986,3
0.0,1.0,0.0,0.0,0.15,0.0,0.05,0.0,0.6173148148147798,0.0,0.24472222222220832,0.0,0.778611111111067,0.0,0.24472222222220832,0.0,0
0.0,0.0,0.0,1.0,0.15,0.15,0.1,0.0,0.11666666666666003,0.3399074074073881,0.04055555555555325,0.0,0.290555555555539,0.9105555555555039,0.0811111111111065,0.0,0
1.0,0.0,0.0,0.0,0.0,0.25,0.1,0.25,0.0,0.4546111111110853,0.1454166666666584,0.42894444444442015,0.0,0.7144444444444039,0.2908333333333168,0.9580555555555013,1
0.0,0.0,0.0,1.0,0.05,0.25,0.2,0.05,0.13333333333332575,0.9952777777777241,0.3552777777777576,0.0,0.13333333333332575,1.0,0.8177777777777314,0.0,1
1.0,0.0,0.0,0.0,0.0,0.2,0.1,0.45,0.0,0.15243055555554688,0.28902777777776134,0.3683333333333125,0.0,0.22249999999998735,0.5780555555555227,1.0,3
1.0,0.0,0.0,0.0,0.0,0.25,0.1,0.0,0.0,0.38694444444442244,0.2455555555555416,0.0,0.0,1.0,0.3144444444444266,0.0,1
0.0,1.0,0.0,0.0,0.05,0.0,0.2,0.3,0.000277777777777762,0.0,0.24583333333331936,0.5935648148147812,0.000277777777777762,0.0,0.5741666666666341,1.0,3
0.0,1.0,0.0,0.0,0.2,0.0,0.2,0.05,0.3385416666666614,0.0,0.6382638888888666,0.24999999999999975,0.5558333333333157,0.0,1.0,0.24999999999999975,0
0.0,0.0,0.0,1.0,0.05,0.3,0.2,0.0,0.19000000000011685,0.41578703703713393,0.35597222222230424,0.0,0.19000000000011685,0.6058333333334266,0.9613888888889619,0.0,1
0.0,1.0,0.0,0.0,0.05,0.0,0.3,0.0,0.1200000000000955,0.0,0.2431944444445018,0.0,0.1200000000000955,0.0,0.7311111111112256,0.0,2
0.0,0.0,0.0,1.0,0.1,0.0,0.35,0.0,0.17236111111121252,0.0,0.33269841269851697,0.0,0.31694444444462516,0.0,0.8908333333334814,0.0,2
1.0,0.0,0.0,0.0,0.0,0.0,0.3,0.05,0.0,0.0,0.6265277777779229,0.5166666666668787,0.0,0.0,1.0,0.5166666666668787,2
0.0,0.0,1.0,0.0,0.2,0.05,0.2,0.05,0.13277777777788344,0.0,0.5934722222223456,0.031111111111135868,0.43666666666701415,0.0,1.0,0.031111111111135868,0
0.0,1.0,0.0,0.0,0.1,0.0,0.25,0.1,0.3380555555558074,0.0,0.6038888888892084,0.1187500000000945,0.5566666666670753,0.0,1.0,0.237500000000189,2
0.0,0.0,1.0,0.0,0.2,0.05,0.0,0.0,0.3665972222224961,0.1441666666667814,0.0,0.0,0.6836111111115836,0.1441666666667814,0.0,0.0,0
0.0,0.0,1.0,0.0,0.05,0.45,0.15,0.05,0.15611111111123535,0.5500925925928744,0.0,0.8333333333337973,0.15611111111123535,0.9302777777781291,0.0,0.8333333333337973,1
1.0,0.0,0.0,0.0,0.05,0.15,0.5,0.05,0.0,0.11870370370379817,0.5932500000002601,0.29777777777801473,0.0,0.20805555555572114,1.0,0.29777777777801473,2
0.0,0.0,1.0,0.0,0.25,0.05,0.1,0.1,0.4114444444447507,0.04222222222225582,0.0,0.37166666666696246,0.8400000000006341,0.04222222222225582,0.0,0.5208333333337478,0
1.0,0.0,0.0,0.0,0.05,0.1,0.3,0.1,0.0,0.20541666666683014,0.6401851851855604,0.0,0.0,0.4108333333336603,1.0,0.0,2
0.0,1.0,0.0,0.0,0.45,0.0,0.25,0.1,0.2929012345681343,0.0,0.21705555555572828,0.6083333333337179,0.7444444444450369,0.0,0.3650000000002905,1.0,0
1.0,0.0,0.0,0.0,0.05,0.1,0.15,0.25,0.0,0.23388888888907503,0.23509259259277968,0.3312222222224858,0.0,0.40888888888921426,0.36527777777806847,0.8875000000007063,3
0.0,0.0,1.0,0.0,0.05,0.1,0.05,0.15,0.20861111111127711,0.4943055555559489,0.0,0.16731481481494798,0.20861111111127711,0.7275000000005789,0.0,0.25083333333353297,3
0.0,0.0,1.0,0.0,0.1,0.2,0.0,0.15,0.25111111111131096,0.4281944444447852,0.0,0.32000000000025464,0.3152777777780287,0.6247222222227193,0.0,0.714444444445013,1
1.0,0.0,0.0,0.0,0.0,0.1,0.3,0.15,0.0,0.06444444444449574,0.5012962962966953,0.7481481481486773,0.0,0.12888888888899147,0.7483333333339288,1.0,2
0.0,0.0,0.0,1.0,0.05,0.1,0.15,0.0,0.475277777778156,0.7609722222228278,0.06648148148153439,0.0,0.475277777778156,0.9941666666674578,0.19472222222237717,0.0,2
0.0,0.0,0.0,1.0,0.2,0.15,0.2,0.0,0.05937500000004725,0.3742592592595571,0.348819444444722,0.0,0.17583333333347326,0.6922222222227731,0.6486111111116273,0.0,0
0.0,1.0,0.0,0.0,0.1,0.05,0.1,0.25,0.5177777777781898,0.0,0.03444444444447185,0.3848888888891952,0.5819444444449076,0.0,0.0688888888889437,0.9811111111118919,3
0.0,0.0,1.0,0.0,0.0,0.1,0.05,0.2,0.0,0.37333333333363045,0.0,0.8702777777784206,0.0,0.4622222222225901,0.0,1.0,3
0.0,0.0,1.0,0.0,0.15,0.1,0.0,0.25,0.2902777777780088,1.0,0.0,0.5197222222226359,0.7419444444450349,1.0,0.0,1.0,3
1.0,0.0,0.0,0.0,0.05,0.2,0.3,0.05,0.0,0.49319444444483695,0.4143055555558853,0.11277777777786753,0.0,0.9755555555563319,0.9319444444451861,0.11277777777786753,2
0.0,0.0,0.0,1.0,0.2,0.05,0.5,0.15,0.4295138888892307,0.1663888888890213,0.47897222222260344,0.0,0.8652777777784664,0.1663888888890213,0.9650000000007679,0.0,2
0.0,0.0,0.0,1.0,0.0,0.1,0.1,0.0,0.0,0.6400000000005093,0.08805555555562564,0.0,0.0,0.7288888888894689,0.17611111111125127,0.0,1
0.0,0.0,0.0,1.0,0.15,0.15,0.35,0.1,0.5736111111115676,0.873981481482177,0.4323412698416139,0.0,1.0,1.0,1.0,0.0,2
0.0,0.0,1.0,0.0,0.1,0.25,0.0,0.3,0.17319444444458226,0.634611111111616,0.0,0.8381944444450782,0.21111111111127911,1.0,0.0,1.0,3
0.0,0.0,1.0,0.0,0.25,0.15,0.1,0.25,0.6902777777782813,0.3525000000002232,0.0,0.27616666666682915,1.0,0.5997222222226422,0.0,0.403888888889153,0
0.0,1.0,0.0,0.0,0.05,0.0,0.1,0.05,0.0,0.0,0.28319444444455566,0.0,0.0,0.0,0.4094444444446561,0.0,2
0.0,0.0,1.0,0.0,0.35,0.25,0.0,0.2,0.4308333333334579,0.7325000000003395,0.0,0.12374999999992771,1.0,1.0,0.0,0.2719444444443193,0
0.0,0.0,0.0,1.0,0.15,0.25,0.05,0.05,0.3265740740740684,0.9485555555559119,0.0,0.0,0.5277777777777994,1.0,0.0,0.0,1
0.0,0.0,1.0,0.0,0.3,0.05,0.0,0.05,0.6713425925929247,0.0,0.0,0.16083333333318706,1.0,0.0,0.0,0.16083333333318706,0
1.0,0.0,0.0,0.0,0.1,0.25,0.3,0.3,0.0,0.42172222222216493,0.18430555555551084,0.4815277777776845,0.0,0.8830555555557178,0.5011111111112394,0.6872222222222286,2
0.0,1.0,0.0,0.0,0.5,0.0,0.1,0.1,0.5571666666666087,0.0,0.11124999999989882,0.11444444444434036,1.0,0.0,0.22249999999979764,0.2274999999997931,0
1.0,0.0,0.0,0.0,0.0,0.25,0.05,0.25,0.0,1.0,0.10666666666656965,0.3304999999997316,0.0,1.0,0.10666666666656965,0.6052777777773495,1
1.0,0.0,0.0,0.0,0.05,0.4,0.05,0.1,0.0,0.8269097222222321,0.0,0.2893055555552924,0.0,1.0,0.0,0.4774999999995657,1
0.0,0.0,1.0,0.0,0.15,0.4,0.0,0.4,0.17953703703687376,0.5040277777775233,0.0,0.6146874999996995,0.2522222222219928,1.0,0.0,1.0,1
1.0,0.0,0.0,0.0,0.0,0.05,0.05,0.0,0.0,0.0,0.0,0.0,0.0,0.0,0.0,0.0,1
1.0,0.0,0.0,0.0,0.0,0.0,0.0,0.0,0.0,0.0,0.0,0.0,0.0,0.0,0.0,0.0,0
1.0,0.0,0.0,0.0,0.0,0.0,0.05,0.05,0.0,0.0,0.0,0.00861111111111108,0.0,0.0,0.0,0.00861111111111108,2
1.0,0.0,0.0,0.0,0.05,0.0,0.0,0.0,0.0,0.0,0.0,0.0,0.0,0.0,0.0,0.0,0
1.0,0.0,0.0,0.0,0.0,0.0,0.05,0.0,0.0,0.0,0.0,0.0,0.0,0.0,0.0,0.0,2
0.0,1.0,0.0,0.0,0.05,0.0,0.1,0.1,0.018055555555556425,0.0,0.11138888888889419,0.0,0.018055555555556425,0.0,0.14111111111111768,0.0,2
0.0,0.0,1.0,0.0,0.0,0.1,0.0,0.05,0.0,0.0411111111111127,0.0,0.19194444444445083,0.0,0.05750000000000199,0.0,0.19194444444445083,1
1.0,0.0,0.0,0.0,0.0,0.05,0.15,0.0,0.0,0.08111111111111156,0.04851851851851801,0.0,0.0,0.08111111111111156,0.0736111111111112,0.0,2
0.0,0.0,1.0,0.0,0.0,0.15,0.05,0.1,0.0,0.05287037037036736,0.0,0.02097222222222103,0.0,0.08249999999999531,0.0,0.04194444444444206,1
0.0,0.0,1.0,0.0,0.1,0.0,0.1,0.15,0.17749999999999086,0.0,0.0,0.17212962962961986,0.23472222222221079,0.0,0.0,0.20861111111109926,3
0.0,1.0,0.0,0.0,0.0,0.0,0.05,0.05,0.0,0.0,0.09833333333332775,0.42527777777777087,0.0,0.0,0.09833333333332775,0.42527777777777087,2
0.0,0.0,1.0,0.0,0.05,0.2,0.0,0.0,0.056388888888885685,0.09312499999999597,0.0,0.0,0.056388888888885685,0.31444444444443165,0.0,0.0,1
0.0,1.0,0.0,0.0,0.0,0.0,0.2,0.1,0.0,0.0,0.09187499999999478,0.24555555555554165,0.0,0.0,0.14944444444443594,0.2752777777777622,2
0.0,0.0,1.0,0.0,0.05,0.05,0.0,0.1,0.0,0.08833333333332831,0.0,0.3872222222222089,0.0,0.08833333333332831,0.0,0.658611111111091,3
0.0,0.0,0.0,1.0,0.2,0.05,0.1,0.0,0.247430555555542,0.024722222222220817,0.20458333333332174,0.0,0.5013888888888623,0.024722222222220817,0.21833333333332097,0.0,0
0.0,1.0,0.0,0.0,0.15,0.1,0.05,0.05,0.15972222222221316,0.0,0.06805555555555169,0.15222222222221357,0.37305555555553443,0.0,0.06805555555555169,0.15222222222221357,0
0.0,0.0,0.0,1.0,0.1,0.05,0.05,0.0,0.14194444444443638,0.3049999999999827,0.09027777777777264,0.0,0.1658333333333239,0.3049999999999827,0.09027777777777264,0.0,0
0.0,0.0,1.0,0.0,0.15,0.05,0.0,0.15,0.25648148148146754,0.11583333333332675,0.0,0.34148148148146207,0.5847222222221908,0.11583333333332675,0.0,0.5419444444444136,0
1.0,0.0,0.0,0.0,0.05,0.05,0.3,0.2,0.0,0.2913888888888723,0.3202314814814633,0.3285416666666523,0.0,0.2913888888888723,0.4849999999999725,0.8283333333333036,2
1.0,0.0,0.0,0.0,0.05,0.1,0.1,0.1,0.0,0.24388888888887514,0.17569444444443452,0.2637499999999851,0.0,0.25111111111109696,0.35138888888886904,0.43555555555553094,1
1.0,0.0,0.0,0.0,0.05,0.05,0.2,0.05,0.0,0.5216666666666371,0.12965277777777048,0.0,0.0,0.5216666666666371,0.3069444444444271,0.0,2
1.0,0.0,0.0,0.0,0.0,0.1,0.0,0.15,0.0,0.19958333333332204,0.0,0.6189814814814465,0.0,0.3991666666666441,0.0,0.8252777777777311,3
0.0,0.0,1.0,0.0,0.1,0.15,0.1,0.25,0.21152777777776574,0.21166666666665465,0.0,0.5161666666666409,0.23916666666665307,0.6080555555555212,0.0,1.0,3
0.0,1.0,0.0,0.0,0.3,0.0,0.1,0.1,0.16606481481480537,0.0,0.3999999999999773,0.4970833333333052,0.4019444444444216,0.0,0.5847222222221891,0.668888888888851,0
0.0,0.0,1.0,0.0,0.05,0.05,0.05,0.15,0.2455555555555416,0.7883333333332886,0.0,0.1535185185185098,0.2455555555555416,0.7883333333332886,0.0,0.23249999999998677,3
0.0,0.0,0.0,1.0,0.1,0.1,0.05,0.0,0.013194444444443695,0.42152777777775385,0.0,0.0,0.02638888888888739,0.6324999999999642,0.0,0.0,0
0.0,0.0,0.0,1.0,0.2,0.15,0.25,0.15,0.26124999999998516,0.4831481481481207,0.13744444444443663,0.2368518518518384,0.5224999999999703,0.8913888888888384,0.27944444444442856,0.31583333333331537,2
1.0,0.0,0.0,0.0,0.05,0.0,0.15,0.2,0.0,0.0,0.4777777777777506,0.442361111111086,0.0,0.0,0.9013888888888377,0.9855555555554997,3
1.0,0.0,0.0,0.0,0.05,0.1,0.1,0.05,0.0,0.6381944444444083,0.1424999999999919,0.032499999999998155,0.0,0.8491666666666186,0.20222222222221073,0.032499999999998155,1
0.0,0.0,0.0,1.0,0.1,0.05,0.2,0.0,0.2561111111110966,1.0,0.07937499999999549,0.0,0.5122222222221932,1.0,0.1688888888888793,0.0,2
0.0,0.0,1.0,0.0,0.25,0.15,0.05,0.25,0.4268333333333091,0.7664814814814381,0.0,0.3608888888888684,0.8058333333332875,1.0,0.0,0.5977777777777438,0
0.0,1.0,0.0,0.0,0.1,0.0,0.1,0.35,0.127222222222215,0.0,0.35916666666664626,0.3531349206349006,0.1572222222222133,0.0,0.41888888888886505,1.0,3
0.0,0.0,0.0,1.0,0.15,0.15,0.15,0.05,0.11129629629628997,0.5897222222221888,0.7418518518518097,0.0,0.24583333333331936,1.0,1.0,0.0,0
0.0,0.0,1.0,0.0,0.15,0.05,0.05,0.05,0.3697222222222012,1.0,0.0,0.07999999999999545,0.7788888888888447,1.0,0.0,0.07999999999999545,0
1.0,0.0,0.0,0.0,0.1,0.3,0.15,0.1,0.5901388888888554,0.4299537037037116,0.975185185185172,0.10694444444445957,0.8622222222221733,1.0,1.0,0.21388888888891913,1
1.0,0.0,0.0,0.0,0.05,0.1,0.15,0.1,0.0,0.8472222222222308,0.06564814814816329,0.15666666666668608,0.0,1.0,0.19694444444448986,0.31333333333337215,2
1.0,0.0,0.0,0.0,0.0,0.2,0.1,0.25,0.0,0.8451388888889116,0.20930555555561448,0.6775555555555879,0.0,1.0,0.29222222222227645,0.9144444444444633,3
0.0,0.0,0.0,1.0,0.5,0.05,0.1,0.0,0.40980555555560366,0.09138888888896161,0.6925000000000598,0.0,1.0,0.09138888888896161,0.7522222222222787,0.0,0
0.0,0.0,1.0,0.0,0.1,0.15,0.05,0.15,0.0952777777778536,0.7286111111112471,0.0,0.29898148148164927,0.0952777777778536,1.0,0.0,0.5466666666668911,1
0.0,0.0,0.0,1.0,0.05,0.3,0.15,0.05,0.0,0.7883333333335274,0.3284259259261155,0.0,0.0,1.0,0.5755555555558353,0.0,1
0.0,1.0,0.0,0.0,0.25,0.0,0.15,0.2,0.45155555555568316,0.0,1.0,0.2581944444446149,1.0,0.0,1.0,0.5305555555558378,0
1.0,0.0,0.0,0.0,0.0,0.1,0.2,0.05,0.0,0.41236111111143925,0.6488888888891596,0.0,0.0,0.5080555555559598,1.0,0.0,2
0.0,1.0,0.0,0.0,0.1,0.15,0.05,0.25,0.32861111111137264,1.0,0.12027777777787349,0.352555555555794,0.32861111111137264,1.0,0.12027777777787349,0.7800000000004101,3
1.0,0.0,0.0,0.0,0.0,0.05,0.35,0.2,0.0,0.10972222222230954,0.7174603174605502,0.5415277777781736,0.0,0.10972222222230954,1.0,0.8138888888893966,2
0.0,1.0,0.0,0.0,0.2,0.05,0.3,0.3,0.10506944444452807,0.0,0.33041666666689373,0.4087037037039939,0.30527777777802073,0.0,0.9088888888894339,0.8633333333338098,2
0.0,0.0,1.0,0.0,0.05,0.1,0.05,0.05,0.08111111111117567,0.6790277777783181,0.0,0.23444444444463103,0.08111111111117567,0.7747222222228387,0.0,0.23444444444463103,1
0.0,0.0,0.0,1.0,0.15,0.55,0.1,0.0,0.4301851851855275,0.7028535353538584,1.0,0.0,0.6452777777782913,1.0,1.0,0.0,1
0.0,0.0,1.0,0.0,0.0,0.15,0.1,0.25,0.0,0.6559259259264479,0.0,0.7142777777783184,0.0,0.8580555555562384,0.0,1.0,3
0.0,1.0,0.0,0.0,0.05,0.0,0.05,0.15,0.29777777777801473,0.0,0.15000000000011937,0.17166666666680327,0.29777777777801473,0.0,0.15000000000011937,0.4511111111114701,3
0.0,0.0,1.0,0.0,0.25,0.15,0.05,0.45,0.4550000000003621,0.20074074074090048,0.0,0.6501851851856792,0.7219444444450189,0.37444444444474245,0.0,1.0,3
0.0,0.0,0.0,1.0,0.25,0.05,0.05,0.0,0.12444444444454347,0.0941666666667416,0.3833333333336384,0.0,0.5311111111115338,0.0941666666667416,0.3833333333336384,0.0,0
0.0,0.0,0.0,1.0,0.1,0.15,0.3,0.0,0.027916666666688884,0.9302777777785181,0.09578703703711326,0.0,0.05583333333337777,1.0,0.2594444444446509,0.0,2
0.0,1.0,0.0,0.0,0.2,0.0,0.45,0.05,0.6985416666672226,0.0,1.0,0.27638888888910884,1.0,0.0,1.0,0.27638888888910884,2
0.0,0.0,0.0,1.0,0.35,0.15,0.05,0.05,0.6756349206354583,0.6008333333338115,0.34611111111138654,0.0,1.0,0.7911111111117407,0.34611111111138654,0.0,0
1.0,0.0,0.0,0.0,0.1,0.25,0.1,0.1,0.0,0.14988888888900817,0.34763888888916555,0.05069444444448479,0.0,0.37750000000030043,0.6666666666671972,0.10138888888896957,1
0.0,0.0,1.0,0.0,0.15,0.2,0.0,0.1,0.21972222222239707,0.9376388888896351,0.0,0.02861111111113388,0.3725000000002964,1.0,0.0,0.05722222222226776,1
0.0,0.0,1.0,0.0,0.3,0.05,0.0,0.1,0.7680555555561668,0.0,0.0,0.3298611111113736,1.0,0.0,0.0,0.6597222222227472,0
0.0,1.0,0.0,0.0,0.45,0.0,0.1,0.1,0.6591049382721295,0.0,0.6309722222227243,0.32458333333359163,1.0,0.0,0.950000000000756,0.3847222222225284,0
1.0,0.0,0.0,0.0,0.0,0.3,0.1,0.2,0.0,0.47449074074111836,0.3579166666669515,0.11826388888898301,0.0,1.0,0.6794444444449852,0.238055555555745,1
0.0,1.0,0.0,0.0,0.2,0.05,0.05,0.15,0.37340277777807496,0.0,0.05666666666671176,0.18324074074088656,0.6558333333338553,0.0,0.05666666666671176,0.34055555555582656,0
1.0,0.0,0.0,0.0,0.05,0.4,0.0,0.15,0.0,0.46256944444481257,0.0,0.43611111111145817,0.0,1.0,0.0,0.9930555555563458,1
0.0,1.0,0.0,0.0,0.1,0.05,0.1,0.2,0.09263888888887806,0.0,0.6745833333337844,0.43493055555581595,0.13638888888891168,0.0,0.996111111111818,0.5547222222225779,3
1.0,0.0,0.0,0.0,0.05,0.1,0.25,0.15,0.0,0.18041666666663925,0.5345000000002543,0.4941666666669459,0.0,0.25027777777780597,1.0,0.8013888888893557,2
1.0,0.0,0.0,0.0,0.1,0.05,0.3,0.25,0.0,0.3622222222222542,0.10800925925925284,0.3599444444445771,0.0,0.3622222222222542,0.47333333333345373,0.7572222222225685,2
0.0,1.0,0.0,0.0,0.05,0.0,0.0,0.2,0.2627777777775388,0.0,0.0,0.6381250000000807,0.2627777777775388,0.0,0.0,1.0,3
0.0,0.0,0.0,1.0,0.1,0.05,0.25,0.0,0.3593055555553022,0.23805555555533905,0.9022222222225362,0.0,0.40305555555533584,0.23805555555533905,1.0,0.0,2
0.0,0.0,1.0,0.0,0.1,0.3,0.05,0.2,0.11583333333322798,0.209166666666522,0.0,0.5775694444444657,0.23166666666645597,0.5336111111108816,0.0,1.0,1
0.0,0.0,1.0,0.0,0.15,0.1,0.05,0.45,0.19148148148130734,0.4490277777775501,0.0,0.4128703703702505,0.32888888888858975,0.6955555555552844,0.0,1.0,3
0.0,0.0,0.0,1.0,0.15,0.15,0.35,0.05,0.19259259259241743,0.04629629629625419,0.25035714285699384,0.0,0.5294444444439629,0.12777777777766156,0.6552777777777327,0.0,2
0.0,0.0,1.0,0.0,0.2,0.05,0.05,0.25,0.3463194444441662,0.5713888888883693,0.0,0.7198333333332075,0.736388888888366,0.5713888888883693,0.0,1.0,3
0.0,1.0,0.0,0.0,0.15,0.0,0.1,0.65,0.28111111111085546,0.0,0.12902777777766042,0.6352350427348102,0.5483333333328346,0.0,0.25805555555532084,1.0,3
1.0,0.0,0.0,0.0,0.0,0.0,0.0,0.05,0.0,0.0,0.0,0.0,0.0,0.0,0.0,0.0,3
1.0,0.0,0.0,0.0,0.0,0.0,0.0,0.05,0.0,0.0,0.0,0.00861111111111108,0.0,0.0,0.0,0.00861111111111108,3
1.0,0.0,0.0,0.0,0.05,0.05,0.0,0.0,0.0,0.0,0.0,0.0,0.0,0.0,0.0,0.0,0
1.0,0.0,0.0,0.0,0.0,0.05,0.0,0.0,0.0,0.03111111111111101,0.0,0.0,0.0,0.03111111111111101,0.0,0.0,1
0.0,0.0,0.0,1.0,0.05,0.1,0.1,0.0,0.10361111111111623,0.037361111111112955,0.0034722222222223803,0.0,0.10361111111111623,0.07472222222222591,0.006944444444444761,0.0,1
0.0,0.0,0.0,1.0,0.0,0.05,0.05,0.0,0.0,0.0,0.0816666666666707,0.0,0.0,0.0,0.0816666666666707,0.0,1
1.0,0.0,0.0,0.0,0.0,0.1,0.05,0.05,0.0,0.09569444444444834,0.0,0.09916666666667157,0.0,0.16444444444445094,0.0,0.09916666666667157,1
0.0,1.0,0.0,0.0,0.0,0.0,0.05,0.0,0.0,0.0,0.007777777777778135,0.0,0.0,0.0,0.007777777777778135,0.0,2
0.0,1.0,0.0,0.0,0.05,0.1,0.05,0.05,0.08694444444443951,0.0,0.26499999999999363,0.004722222222221953,0.08694444444443951,0.0,0.26499999999999363,0.004722222222221953,1
0.0,0.0,1.0,0.0,0.05,0.05,0.0,0.0,0.15694444444443992,0.04777777777777506,0.0,0.0,0.15694444444443992,0.04777777777777506,0.0,0.0,0
0.0,1.0,0.0,0.0,0.05,0.0,0.15,0.1,0.3202777777777706,0.0,0.1458333333333253,0.07819444444444,0.3202777777777706,0.0,0.2236111111110991,0.15638888888888,2
0.0,1.0,0.0,0.0,0.0,0.0,0.2,0.15,0.0,0.0,0.08895833333332849,0.16685185185184587,0.0,0.0,0.17361111111110125,0.3158333333333259,2
0.0,1.0,0.0,0.0,0.05,0.0,0.05,0.15,0.3036111111110939,0.0,0.48166666666664804,0.13064814814814074,0.3036111111110939,0.0,0.48166666666664804,0.22138888888887637,3
1.0,0.0,0.0,0.0,0.0,0.25,0.05,0.05,0.0,0.11188888888888254,0.024444444444443054,0.09194444444443922,0.0,0.26305555555554067,0.024444444444443054,0.09194444444443922,1
0.0,0.0,1.0,0.0,0.05,0.0,0.0,0.2,0.5536111111110907,0.0,0.0,0.1846527777777673,0.5536111111110907,0.0,0.0,0.38972222222220015,3
0.0,0.0,1.0,0.0,0.0,0.1,0.0,0.15,0.0,0.057083333333330086,0.0,0.43351851851849754,0.0,0.0774999999999956,0.0,0.5824999999999776,3
0.0,0.0,0.0,1.0,0.1,0.05,0.05,0.0,0.3608333333333128,0.10888888888888269,0.7483333333332995,0.0,0.5702777777777454,0.10888888888888269,0.7483333333332995,0.0,0
0.0,1.0,0.0,0.0,0.05,0.0,0.15,0.2,0.0,0.0,0.134629629629622,0.1711111111111014,0.0,0.0,0.3077777777777603,0.37527777777775645,3
0.0,0.0,0.0,1.0,0.1,0.05,0.15,0.05,0.45249999999997986,0.08944444444443936,0.0,0.0,0.8202777777777422,0.08944444444443936,0.0,0.0,2
0.0,0.0,0.0,1.0,0.0,0.15,0.0,0.0,0.0,0.2249999999999872,0.0,0.0,0.0,0.31083333333331564,0.0,0.0,1
1.0,0.0,0.0,0.0,0.0,0.05,0.05,0.2,0.0,0.32555555555553717,0.964999999999954,0.25444444444443,0.0,0.32555555555553717,0.964999999999954,0.45861111111108505,3
0.0,0.0,1.0,0.0,0.15,0.05,0.05,0.05,0.45722222222220005,0.32277777777775957,0.0,0.17166666666665703,1.0,0.32277777777775957,0.0,0.17166666666665703,0
0.0,1.0,0.0,0.0,0.15,0.0,0.05,0.05,0.038148148148145974,0.0,0.06305555555555196,0.15527777777776908,0.09055555555555041,0.0,0.06305555555555196,0.15527777777776908,0
0.0,0.0,0.0,1.0,0.1,0.1,0.3,0.0,0.20166666666665525,0.05722222222221897,0.20398148148146997,0.0,0.25833333333331876,0.06499999999999631,0.5744444444444119,0.0,2
0.0,0.0,0.0,1.0,0.05,0.05,0.15,0.0,1.0,0.5922222222221887,0.45962962962960646,0.0,1.0,0.5922222222221887,1.0,0.0,2
1.0,0.0,0.0,0.0,0.05,0.05,0.1,0.1,0.0,0.5561111111110796,0.06611111111110736,0.2099999999999881,0.0,0.5561111111110796,0.10777777777777166,0.4049999999999771,2
1.0,0.0,0.0,0.0,0.0,0.05,0.4,0.2,0.0,0.025833333333331866,0.26197916666665183,0.1281944444444372,0.0,0.025833333333331866,0.6577777777777405,0.38861111111108915,2
0.0,0.0,1.0,0.0,0.4,0.1,0.05,0.1,0.2269791666666538,0.3738888888888676,0.0,0.007916666666666216,0.5749999999999674,0.38166666666664495,0.0,0.015833333333332433,0
0.0,0.0,1.0,0.0,0.05,0.05,0.2,0.1,0.15972222222221313,0.7727777777777339,0.4257638888888669,0.4266666666666425,0.15972222222221313,0.7727777777777339,1.0,0.6216666666666314,2
0.0,0.0,1.0,0.0,0.15,0.05,0.0,0.0,0.7039814814814452,0.8588888888888402,0.0,0.0,1.0,0.8588888888888402,0.0,0.0,0
0.0,0.0,1.0,0.0,0.0,0.1,0.05,0.25,0.0,0.2877777777777614,0.0,0.4119444444444211,0.0,0.3924999999999777,0.0,0.755277777777735,3
1.0,0.0,0.0,0.0,0.0,0.2,0.2,0.2,0.0,0.45736111111108513,0.1877777777777671,0.22854166666665368,0.0,0.7483333333332908,0.36638888888886806,0.38249999999997825,1
1.0,0.0,0.0,0.0,0.05,0.2,0.0,0.1,0.0,0.3417361111110917,0.0,0.02805555555555396,0.0,1.0,0.0,0.05611111111110792,1
0.0,0.0,1.0,0.0,0.05,0.05,0.05,0.3,0.49305555555552755,1.0,0.0,0.5858333333333001,0.49305555555552755,1.0,0.0,0.9549999999999458,3
0.0,0.0,0.0,1.0,0.05,0.15,0.15,0.0,0.11222222222221584,0.38074074074071906,0.07231481481481071,0.0,0.11222222222221584,0.6758333333332949,0.20499999999998836,0.0,1
0.0,1.0,0.0,0.0,0.15,0.0,0.05,0.2,0.12157407407410956,0.0,0.0,0.1728472222222442,0.2477777777778061,0.0,0.0,0.3227777777778018,3
0.0,1.0,0.0,0.0,0.05,0.0,0.25,0.2,0.0,0.0,0.3768888888889014,0.5116666666666799,0.0,0.0,0.6497222222222276,0.6658333333333378,2
0.0,0.0,0.0,1.0,0.05,0.1,0.1,0.0,0.859722222222372,0.8900000000001482,0.11930555555564813,0.0,0.859722222222372,1.0,0.23861111111129626,0.0,1
0.0,1.0,0.0,0.0,0.15,0.05,0.15,0.0,0.21851851851865098,0.0,0.33796296296315115,0.0,0.395555555555746,0.0,0.4883333333335185,0.0,0
0.0,0.0,0.0,1.0,0.15,0.05,0.05,0.0,0.3882407407409884,0.13888888888899942,0.242777777777971,0.0,0.514444444444685,0.13888888888899942,0.242777777777971,0.0,0
0.0,0.0,1.0,0.0,0.15,0.15,0.0,0.35,0.08851851851858897,0.04324074074077515,0.0,0.4845634920636526,0.22805555555573703,0.12388888888898748,0.0,0.9491666666668966,3
0.0,1.0,0.0,0.0,0.1,0.0,0.1,0.0,0.5602777777779565,0.0,0.32402777777803327,0.0,1.0,0.0,0.45527777777813533,0.0,0
1.0,0.0,0.0,0.0,0.05,0.25,0.5,0.05,0.0,0.5231111111113035,0.5154722222224646,0.07000000000005571,0.0,1.0,0.9205555555557765,0.07000000000005571,2
1.0,0.0,0.0,0.0,0.0,0.25,0.05,0.45,0.0,0.09361111111118561,0.47611111111149,0.4554320987656195,0.0,0.37222222222251844,0.47611111111149,1.0,3
1.0,0.0,0.0,0.0,0.0,0.0,0.1,0.0,0.0,0.0,0.5406944444448724,0.0,0.0,0.0,0.6719444444449745,0.0,2
0.0,0.0,0.0,1.0,0.4,0.3,0.05,0.05,0.32708333333357814,0.22699074074092138,0.10277777777785957,0.0,0.6127777777781411,0.45722222222258607,0.10277777777785957,0.0,0
0.0,0.0,1.0,0.0,0.0,0.0,0.05,0.15,0.0,0.0,0.0,0.04083333333336583,0.0,0.0,0.0,0.12250000000009749,3
0.0,0.0,1.0,0.0,0.2,0.25,0.05,0.05,0.13201388888899396,0.9564444444449817,0.0,0.5033333333337339,0.3588888888891745,1.0,0.0,0.5033333333337339,1
0.0,0.0,0.0,1.0,0.15,0.4,0.1,0.0,0.6825925925929577,0.31659722222247416,0.49236111111150294,0.0,1.0,0.7888888888895167,0.8927777777784882,0.0,1
1.0,0.0,0.0,0.0,0.0,0.3,0.25,0.05,0.0,0.5893055555560245,0.15811111111123693,0.3291666666669286,0.0,0.8238888888895446,0.46944444444481803,0.3291666666669286,1
0.0,0.0,0.0,1.0,0.05,0.05,0.05,0.0,0.05388888888893177,0.0005555555555559977,0.024722222222241897,0.0,0.05388888888893177,0.0005555555555559977,0.024722222222241897,0.0,0
0.0,1.0,0.0,0.0,0.3,0.0,0.1,0.1,0.31120370370395134,0.0,0.06527777777782973,0.46819444444481706,0.6755555555560931,0.0,0.13055555555565945,0.8200000000006525,0
1.0,0.0,0.0,0.0,0.05,0.05,0.05,0.1,0.0,0.18388888888903523,0.20805555555572114,0.03263888888891486,0.0,0.18388888888903523,0.20805555555572114,0.06527777777782973,3
0.0,1.0,0.0,0.0,0.2,0.1,0.25,0.05,0.8337500000005299,0.0,0.3502777777780565,0.16444444444457532,1.0,0.0,1.0,0.16444444444457532,2
0.0,1.0,0.0,0.0,0.1,0.0,0.35,0.05,0.05291666666670878,0.0,0.38321428571459065,0.6958333333338871,0.10583333333341756,0.0,0.8361111111117765,0.6958333333338871,2
0.0,0.0,0.0,1.0,0.05,0.1,0.1,0.0,0.1391666666667774,0.22402777777795607,0.22222222222239907,0.0,0.1391666666667774,0.4005555555558743,0.42472222222256023,0.0,1
1.0,0.0,0.0,0.0,0.0,0.0,0.1,0.1,0.0,0.0,0.3558333333336165,0.7848611111117357,0.0,0.0,0.4472222222225781,1.0,2
0.0,0.0,1.0,0.0,0.25,0.2,0.15,0.2,0.8871666666672657,0.16041666666679433,0.0,0.15472222222234536,1.0,0.27444444444466287,0.0,0.4477777777781341,0
0.0,0.0,1.0,0.0,0.45,0.15,0.0,0.15,0.4584259259262907,0.11731481481490817,0.0,0.37898148148178307,0.96194444444521,0.1894444444445952,0.0,1.0,0
0.0,1.0,0.0,0.0,0.05,0.0,0.4,0.05,0.3558333333336165,0.0,0.4340277777781232,0.0,0.3558333333336165,0.0,1.0,0.0,2
1.0,0.0,0.0,0.0,0.05,0.2,0.15,0.3,0.0,0.4390277777781272,0.17481481481495392,0.29148148148171343,0.0,0.5577777777782217,0.2105555555557231,0.7311111111116929,3
0.0,0.0,1.0,0.0,0.05,0.15,0.0,0.3,0.0,0.40898148148180696,0.0,0.4235648148151519,0.0,0.7422222222228129,0.0,1.0,3
1.0,0.0,0.0,0.0,0.0,0.25,0.05,0.2,0.0,0.32205555555581183,0.0,0.6404861111116208,0.0,0.5727777777782336,0.0,1.0,1
0.0,0.0,1.0,0.0,0.2,0.15,0.0,0.15,0.24729166666686322,0.05351851851856079,0.0,0.6644444444449729,0.7391666666672544,0.10694444444452908,0.0,1.0,0
0.0,0.0,0.0,1.0,0.1,0.25,0.25,0.0,0.22486111111111906,0.6327777777781104,0.3153333333334475,0.0,0.2636111111111499,0.8744444444449694,0.5272222222224708,0.0,1
0.0,0.0,0.0,1.0,0.05,0.3,0.0,0.0,0.35638888888883097,0.399861111111238,0.0,0.0,0.35638888888883097,1.0,0.0,0.0,1
1.0,0.0,0.0,0.0,0.05,0.15,0.0,0.65,0.0,0.2995370370368555,0.0,0.4578632478632771,0.0,0.3736111111109532,0.0,1.0,3
0.0,1.0,0.0,0.0,0.05,0.3,0.05,0.25,0.0,0.607638888889093,0.2972222222219519,0.7805000000001863,0.0,0.969444444444883,0.2972222222219519,1.0,1
0.0,1.0,0.0,0.0,0.3,0.05,0.3,0.05,0.4888425925924998,0.0,0.5030555555554321,0.0,1.0,0.0,0.8438888888888495,0.0,0
0.0,1.0,0.0,0.0,0.1,0.0,0.1,0.05,0.390833333333111,0.0,0.049999999999954525,0.15416666666652645,0.6730555555552097,0.0,0.09999999999990905,0.15416666666652645,0
0.0,1.0,0.0,0.0,0.15,0.05,0.05,0.4,0.14981481481467857,0.0,0.6305555555549821,0.7585069444443148,0.3297222222219223,0.0,0.6305555555549821,1.0,3
1.0,0.0,0.0,0.0,0.05,0.15,0.3,0.15,0.0,0.13425925925913715,0.8118518518514476,0.09101851851843575,0.0,0.1788888888887262,1.0,0.23333333333312112,2
1.0,0.0,0.0,0.0,0.0,0.1,0.1,0.05,0.0,0.0,0.24388888888866708,0.37083333333299606,0.0,0.0,0.31666666666637866,0.37083333333299606,1
1.0,0.0,0.0,0.0,0.05,0.05,0.0,0.0,0.0,0.010277777777777742,0.0,0.0,0.0,0.010277777777777742,0.0,0.0,0
1.0,0.0,0.0,0.0,0.0,0.0,0.05,0.05,0.0,0.0,0.0,0.025277777777777694,0.0,0.0,0.0,0.025277777777777694,2
1.0,0.0,0.0,0.0,0.0,0.05,0.0,0.0,0.0,0.0,0.0,0.0,0.0,0.0,0.0,0.0,1
1.0,0.0,0.0,0.0,0.0,0.0,0.0,0.0,0.0,0.0,0.0,0.0,0.0,0.0,0.0,0.0,0
1.0,0.0,0.0,0.0,0.0,0.05,0.0,0.0,0.0,0.014444444444445164,0.0,0.0,0.0,0.014444444444445164,0.0,0.0,1
0.0,0.0,1.0,0.0,0.0,0.05,0.0,0.15,0.0,0.09916666666667157,0.0,0.133240740740746,0.0,0.09916666666667157,0.0,0.20861111111111746,3
0.0,1.0,0.0,0.0,0.05,0.0,0.0,0.0,0.0,0.0,0.0,0.0,0.0,0.0,0.0,0.0,0
1.0,0.0,0.0,0.0,0.0,0.05,0.1,0.1,0.0,0.22694444444444895,0.003472222222222395,0.07888888888889017,0.0,0.22694444444444895,0.00694444444444479,0.14194444444444793,2
1.0,0.0,0.0,0.0,0.0,0.05,0.05,0.05,0.0,0.010277777777777193,0.04027777777777549,0.0,0.0,0.010277777777777193,0.04027777777777549,0.0,1
0.0,1.0,0.0,0.0,0.05,0.0,0.05,0.05,0.0658333333333296,0.0,0.10694444444443836,0.10222222222221641,0.0658333333333296,0.0,0.10694444444443836,0.10222222222221641,0
0.0,0.0,0.0,1.0,0.15,0.1,0.2,0.0,0.11972222222221689,0.21513888888888194,0.04777777777777506,0.0,0.20694444444443708,0.33249999999999164,0.1483333333333249,0.0,2
0.0,0.0,1.0,0.0,0.1,0.05,0.0,0.1,0.03222222222222039,0.4436111111111033,0.0,0.2955555555555446,0.06444444444444078,0.4436111111111033,0.0,0.3586111111111023,0
1.0,0.0,0.0,0.0,0.05,0.0,0.1,0.05,0.0,0.0,0.14513888888888066,0.2855555555555394,0.0,0.0,0.2902777777777613,0.2855555555555394,2
0.0,1.0,0.0,0.0,0.05,0.0,0.05,0.05,0.015833333333332433,0.0,0.2736111111110956,0.20222222222221078,0.015833333333332433,0.0,0.2736111111110956,0.20222222222221078,0
1.0,0.0,0.0,0.0,0.1,0.15,0.25,0.1,0.0,0.28018518518517505,0.08766666666666172,0.5122222222221989,0.0,0.6602777777777576,0.23166666666665356,0.5752777777777567,2
0.0,0.0,1.0,0.0,0.3,0.1,0.0,0.1,0.24379629629628322,0.4818055555555335,0.0,0.15694444444443553,0.4736111111110886,0.5991666666666433,0.0,0.17777777777776768,0
1.0,0.0,0.0,0.0,0.05,0.15,0.1,0.05,0.0,0.03805555555555339,0.4152777777777542,0.3855555555555337,0.0,0.058611111111107776,0.4569444444444185,0.3855555555555337,1
0.0,0.0,1.0,0.0,0.1,0.0,0.1,0.15,0.15138888888888027,0.0,0.0,0.20648148148146975,0.20361111111109953,0.0,0.0,0.5188888888888594,3
0.0,0.0,1.0,0.0,0.1,0.2,0.05,0.15,0.20624999999998828,0.44743055555553446,0.0,0.5387962962962695,0.20638888888887716,0.9436111111110749,0.0,0.8586111111110739,1
1.0,0.0,0.0,0.0,0.0,0.15,0.05,0.3,0.0,0.5434259259258987,0.0,0.3399074074073882,0.0,0.9324999999999577,0.0,0.6597222222221848,3
0.0,1.0,0.0,0.0,0.2,0.0,0.25,0.05,0.06090277777777438,0.0,0.3318333333333146,0.618888888888854,0.16249999999999087,0.0,0.6902777777777388,0.618888888888854,2
0.0,0.0,0.0,1.0,0.15,0.0,0.2,0.05,0.2694444444444292,0.0,0.11326388888888254,0.0,0.4369444444444197,0.0,0.17361111111110136,0.0,2
0.0,1.0,0.0,0.0,0.1,0.0,0.1,0.15,0.4895833333333056,0.0,0.08499999999999516,0.8221296296295869,0.4897222222221945,0.0,0.16999999999999033,1.0,3
0.0,0.0,1.0,0.0,0.3,0.3,0.25,0.1,0.27828703703702123,0.4986111111110858,0.1546111111111024,0.5022222222221938,0.4458333333333081,1.0,0.25694444444442993,0.9022222222221712,0
0.0,0.0,1.0,0.0,0.15,0.05,0.1,0.25,0.5361111111110808,0.0994444444444388,0.0,0.08716666666666172,0.7036111111110712,0.0994444444444388,0.0,0.23249999999998677,3
0.0,0.0,0.0,1.0,0.05,0.2,0.1,0.0,0.0,0.6984722222221852,0.18541666666665613,0.0,0.0,1.0,0.24027777777776413,0.0,1
0.0,0.0,0.0,1.0,0.15,0.0,0.15,0.05,0.4887962962962686,0.0,0.19833333333332206,0.0,0.7230555555555146,0.0,0.4033333333333104,0.0,0
0.0,0.0,0.0,1.0,0.5,0.3,0.15,0.05,0.49194444444441654,0.6232407407407071,0.14546296296295472,0.0,0.9869444444443884,1.0,0.2374999999999865,0.0,0
0.0,1.0,0.0,0.0,0.05,0.0,0.15,0.25,0.1847222222222117,0.0,0.32490740740738894,0.29266666666665003,0.1847222222222117,0.0,0.5069444444444157,0.44777777777775235,3
1.0,0.0,0.0,0.0,0.15,0.4,0.25,0.1,0.0,0.64569444444441,0.4312777777777533,0.8188888888888425,0.0,1.0,0.5388888888888583,1.0,1
1.0,0.0,0.0,0.0,0.0,0.05,0.15,0.1,0.0,0.09388888888888355,0.4316666666666421,0.13249999999999246,0.0,0.09388888888888355,0.6366666666666305,0.18499999999998948,2
0.0,0.0,1.0,0.0,0.05,0.2,0.0,0.1,0.0,0.12951388888888152,0.0,0.3658333333333125,0.0,0.3272222222222036,0.0,0.4183333333333096,1
0.0,0.0,0.0,1.0,0.25,0.05,0.15,0.0,0.5902777777777443,0.14777777777776938,0.6415740740740377,0.0,1.0,0.14777777777776938,0.8236111111110643,0.0,0
0.0,1.0,0.0,0.0,0.15,0.0,0.35,0.15,0.268796296296281,0.0,0.5972619047618708,0.8154629629629166,0.31027777777776017,0.0,0.9055555555555042,1.0,2
1.0,0.0,0.0,0.0,0.05,0.4,0.35,0.1,0.0,0.7991666666666226,0.3673809523809315,0.1586111111111021,0.0,1.0,0.6541666666666295,0.3172222222222042,1
0.0,1.0,0.0,0.0,0.05,0.05,0.15,0.1,0.17916666666678413,0.0,0.020925925925942578,0.6491666666667574,0.17916666666678413,0.0,0.06277777777782774,0.7016666666667545,2
1.0,0.0,0.0,0.0,0.0,0.05,0.2,0.1,0.0,0.43111111111122846,0.697222222222292,0.07375000000005869,0.0,0.43111111111122846,1.0,0.14750000000011737,2
0.0,0.0,1.0,0.0,0.2,0.45,0.0,0.2,0.46777777777793533,0.25234567901246585,0.0,0.8697222222223502,0.6436111111113016,0.6325000000001533,0.0,1.0,1
0.0,1.0,0.0,0.0,0.2,0.0,0.45,0.1,0.12958333333342734,0.0,0.5825000000001865,0.5000000000002413,0.35916666666691605,0.0,1.0,0.6838888888891198,2
0.0,0.0,1.0,0.0,0.15,0.05,0.15,0.15,0.16935185185197824,0.1669444444445773,1.0,0.6205555555557656,0.4125000000003032,0.1669444444445773,1.0,0.9350000000002735,0
0.0,0.0,1.0,0.0,0.05,0.05,0.0,0.1,0.0,0.6977777777781073,0.0,0.30388888888913074,0.0,0.6977777777781073,0.0,0.41416666666699625,3
1.0,0.0,0.0,0.0,0.0,0.05,0.3,0.2,0.0,0.4002777777780963,0.6497685185187122,0.6450000000003003,0.0,0.4002777777780963,1.0,1.0,2
0.0,0.0,0.0,1.0,0.2,0.2,0.0,0.05,0.2000000000001529,0.26888888888904644,0.0,0.0,0.49583333333370283,0.9144444444449464,0.0,0.0,0
0.0,1.0,0.0,0.0,0.3,0.05,0.55,0.25,0.5674074074077158,0.0,0.6283585858588593,1.0,1.0,0.0,1.0,1.0,2
0.0,0.0,1.0,0.0,0.3,0.1,0.05,0.15,0.40337962962994456,0.07680555555561668,0.0,0.5888888888892531,0.7425000000005544,0.15361111111123335,0.0,1.0,0
1.0,0.0,0.0,0.0,0.05,0.25,0.05,0.2,0.0,0.4200555555558447,0.0,0.10125000000008058,0.0,1.0,0.0,0.19861111111126917,1
0.0,0.0,1.0,0.0,0.05,0.05,0.05,0.3,0.0,0.716944444445015,0.0,0.653287037037415,0.0,0.716944444445015,0.0,1.0,3
1.0,0.0,0.0,0.0,0.0,0.2,0.1,0.15,0.0,0.22159722222239858,0.10083333333341357,0.8812962962968931,0.0,0.47027777777815205,0.20166666666682714,1.0,1
0.0,0.0,1.0,0.0,0.35,0.1,0.0,0.35,0.8783730158735922,0.33986111111138156,0.0,1.0,1.0,0.43250000000034416,0.0,1.0,0
0.0,1.0,0.0,0.0,0.1,0.0,0.05,0.3,0.14722222222233938,0.0,0.27527777777799683,0.2701851851854002,0.28138888888911284,0.0,0.27527777777799683,0.481944444444828,3
0.0,0.0,0.0,1.0,0.05,0.1,0.15,0.0,0.2902777777780088,0.5443055555559887,0.10194444444452558,0.0,0.2902777777780088,1.0,0.17333333333347128,0.0,2
0.0,1.0,0.0,0.0,0.35,0.1,0.2,0.2,0.9675793650800124,0.0,0.24833333333353097,1.0,1.0,0.0,0.5850000000004656,1.0,0
1.0,0.0,0.0,0.0,0.05,0.15,0.0,0.45,0.0,0.5067592592596626,0.0,1.0,0.0,0.7658333333339428,0.0,1.0,3
0.0,0.0,1.0,0.0,0.2,0.1,0.0,0.0,0.16083333333346134,0.7776388888895077,0.0,0.0,0.5236111111115278,1.0,0.0,0.0,0
0.0,0.0,0.0,1.0,0.25,0.05,0.1,0.0,0.2147222222223931,0.15722222222234733,0.30430555555579775,0.0,0.6147222222227114,0.15722222222234733,0.6086111111115955,0.0,0
1.0,0.0,0.0,0.0,0.05,0.15,0.3,0.35,0.0,0.24509259259278765,0.37263888888918545,0.8104365079371082,0.0,0.3316666666669306,0.9183333333340642,1.0,3
1.0,0.0,0.0,0.0,0.0,0.15,0.05,0.45,0.0,0.7366666666672529,0.0,1.0,0.0,1.0,0.0,1.0,3
1.0,0.0,0.0,0.0,0.0,0.15,0.2,0.05,0.0,0.14685185185196872,0.2942361111113453,0.0,0.0,0.44055555555590614,0.8919444444451543,0.0,2
0.0,0.0,0.0,1.0,0.1,0.2,0.05,0.0,0.20486111111127414,0.6867361111116577,0.15777777777790333,0.0,0.3558333333336165,1.0,0.15777777777790333,0.0,1
0.0,0.0,1.0,0.0,0.0,0.2,0.0,0.5,0.0,0.2830555555557808,0.0,0.7580833333339052,0.0,0.7072222222227851,0.0,1.0,3
0.0,0.0,0.0,1.0,0.05,0.3,0.4,0.0,0.2833333333335588,0.3457407407410159,0.5476388888893247,0.0,0.2833333333335588,0.698333333333889,1.0,0.0,2
0.0,1.0,0.0,0.0,0.25,0.0,0.1,0.0,0.21555555555572709,0.0,0.2205555555557311,0.0,0.6391666666671754,0.0,0.4411111111114622,0.0,0
0.0,0.0,0.0,1.0,0.0,0.2,0.4,0.0,0.0,0.8675000000006431,0.31114583333352364,0.0,0.0,1.0,1.0,0.0,2
1.0,0.0,0.0,0.0,0.05,0.05,0.5,0.05,0.0,0.16972222222206787,0.6401944444447268,0.0,0.0,0.16972222222206787,1.0,0.0,2
0.0,0.0,1.0,0.0,0.35,0.4,0.0,0.05,0.33658730158734707,0.5579166666666368,0.0,0.00805555555554823,0.8388888888892438,1.0,0.0,0.00805555555554823,1
0.0,0.0,0.0,1.0,0.25,0.25,0.2,0.0,0.02077777777775888,0.5932222222221196,0.07687499999993008,0.0,0.06027777777772295,1.0,0.1469444444443108,0.0,0
0.0,0.0,1.0,0.0,0.05,0.3,0.0,0.0,0.03333333333330302,0.8732407407409012,0.0,0.0,0.03333333333330302,1.0,0.0,0.0,1
1.0,0.0,0.0,0.0,0.0,0.35,0.2,0.0,0.0,0.6719841269838279,0.38020833333298754,0.0,0.0,1.0,0.4636111111106895,0.0,1
0.0,1.0,0.0,0.0,0.15,0.05,0.1,0.0,0.1393518518517251,0.0,0.0,0.0,0.3499999999996817,0.0,0.0,0.0,0
0.0,1.0,0.0,0.0,0.45,0.0,0.05,0.2,0.5962962962960275,0.0,0.0,0.18638888888871938,1.0,0.0,0.0,0.3747222222218814,0
0.0,0.0,1.0,0.0,0.2,0.4,0.0,0.1,0.11895833333322514,0.9319444444443128,0.0,0.19694444444426532,0.37833333333298924,1.0,0.0,0.39388888888853063,1
1.0,0.0,0.0,0.0,0.0,0.05,0.0,0.05,0.0,0.0,0.0,0.01888888888888883,0.0,0.0,0.0,0.01888888888888883,1
1.0,0.0,0.0,0.0,0.0,0.0,0.0,0.05,0.0,0.0,0.0,0.0,0.0,0.0,0.0,0.0,3
1.0,0.0,0.0,0.0,0.0,0.0,0.0,0.0,0.0,0.0,0.0,0.0,0.0,0.0,0.0,0.0,0
1.0,0.0,0.0,0.0,0.05,0.05,0.0,0.0,0.0,0.024722222222222142,0.0,0.0,0.0,0.024722222222222142,0.0,0.0,0
0.0,1.0,0.0,0.0,0.0,0.0,0.0,0.05,0.0,0.0,0.0,0.20222222222222858,0.0,0.0,0.0,0.20222222222222858,3
0.0,0.0,0.0,1.0,0.0,0.0,0.05,0.05,0.0,0.0,0.0,0.0,0.0,0.0,0.0,0.0,2
1.0,0.0,0.0,0.0,0.0,0.05,0.1,0.0,0.0,0.0908333333333352,0.020555555555556562,0.0,0.0,0.0908333333333352,0.041111111111113124,0.0,2
1.0,0.0,0.0,0.0,0.1,0.1,0.05,0.0,0.0,0.1580555555555561,0.11500000000000037,0.0,0.0,0.2580555555555591,0.11500000000000037,0.0,0
0.0,0.0,1.0,0.0,0.2,0.05,0.0,0.05,0.024791666666665258,0.0,0.0,0.1586111111111021,0.09916666666666103,0.0,0.0,0.1586111111111021,0
0.0,0.0,0.0,1.0,0.0,0.1,0.1,0.0,0.0,0.03680555555555346,0.029722222222220533,0.0,0.0,0.07361111111110692,0.059444444444441066,0.0,1
0.0,0.0,1.0,0.0,0.0,0.1,0.0,0.05,0.0,0.2377777777777678,0.0,0.1586111111111021,0.0,0.3241666666666553,0.0,0.1586111111111021,1
1.0,0.0,0.0,0.0,0.0,0.1,0.05,0.0,0.0,0.3747222222222104,0.3316666666666547,0.0,0.0,0.47472222222221344,0.3316666666666547,0.0,1
0.0,1.0,0.0,0.0,0.05,0.0,0.2,0.05,0.003611111111110906,0.0,0.1243055555555485,0.11583333333332675,0.003611111111110906,0.0,0.2141666666666545,0.11583333333332675,2
1.0,0.0,0.0,0.0,0.0,0.1,0.0,0.1,0.0,0.12902777777777047,0.0,0.23874999999998645,0.0,0.25805555555554094,0.0,0.42527777777775366,1
0.0,1.0,0.0,0.0,0.05,0.0,0.0,0.15,0.13249999999999246,0.0,0.0,0.21657407407406176,0.13249999999999246,0.0,0.0,0.3919444444444222,3
0.0,1.0,0.0,0.0,0.1,0.0,0.1,0.05,0.0,0.0,0.3026388888888752,0.049166666666663875,0.0,0.0,0.5483333333333091,0.049166666666663875,0
0.0,1.0,0.0,0.0,0.05,0.0,0.0,0.1,0.0,0.0,0.0,0.4720833333333065,0.0,0.0,0.0,0.6586111111110736,3
0.0,0.0,0.0,1.0,0.1,0.05,0.0,0.05,0.20444444444443283,0.0,0.0,0.0,0.3658333333333125,0.0,0.0,0.0,0
1.0,0.0,0.0,0.0,0.0,0.15,0.15,0.05,0.0,0.17842592592591577,0.34620370370368636,0.2658333333333182,0.0,0.3824999999999783,0.7649999999999635,0.2658333333333182,1
0.0,0.0,1.0,0.0,0.15,0.1,0.0,0.35,0.16249999999999076,0.0730555555555514,0.0,0.25702380952379494,0.2869444444444281,0.1461111111111028,0.0,0.5524999999999686,3
0.0,0.0,0.0,1.0,0.1,0.0,0.05,0.0,0.10833333333332723,0.0,0.10638888888888295,0.0,0.21666666666665446,0.0,0.10638888888888295,0.0,0
1.0,0.0,0.0,0.0,0.0,0.05,0.1,0.1,0.0,0.19472222222221128,0.029722222222220533,0.17138888888887926,0.0,0.19472222222221128,0.059444444444441066,0.21333333333332133,2
0.0,1.0,0.0,0.0,0.15,0.0,0.2,0.1,0.19185185185184095,0.0,0.4424999999999767,0.26736111111109595,0.4491666666666411,0.0,0.9983333333332837,0.4991666666666384,2
0.0,0.0,0.0,1.0,0.35,0.1,0.05,0.0,0.285674603174587,0.4219444444444206,0.0,0.0,0.6536111111110741,0.5127777777777488,0.0,0.0,0
1.0,0.0,0.0,0.0,0.0,0.1,0.05,0.05,0.0,0.09124999999999481,0.32305555555553733,0.13611111111110338,0.0,0.11805555555554885,0.32305555555553733,0.13611111111110338,1
0.0,0.0,1.0,0.0,0.05,0.1,0.1,0.15,0.09972222222221655,0.2056944444444328,0.5408333333333062,0.29629629629627957,0.09972222222221655,0.4113888888888656,1.0,0.4299999999999757,3
0.0,0.0,1.0,0.0,0.2,0.05,0.1,0.1,0.3350694444444254,0.15805555555554657,0.0,0.5340277777777476,0.6902777777777386,0.15805555555554657,0.0,0.76583333333329,0
0.0,0.0,0.0,1.0,0.1,0.1,0.25,0.0,0.1665277777777683,0.4363888888888641,0.5747222222221909,0.0,0.3330555555555366,0.6447222222221857,1.0,0.0,2
0.0,1.0,0.0,0.0,0.45,0.05,0.05,0.3,0.29959876543208175,0.0,0.5897222222221888,0.12212962962962268,0.7774999999999559,0.0,0.5897222222221888,0.40277777777775486,0
1.0,0.0,0.0,0.0,0.1,0.15,0.05,0.2,0.0,0.5577777777777462,0.28111111111109516,0.40673611111108804,0.0,0.8794444444443946,0.28111111111109516,0.6377777777777417,3
1.0,0.0,0.0,0.0,0.0,0.25,0.1,0.1,0.0,0.27488888888887325,0.1843055555555451,0.8006944444443991,0.0,0.4247222222221981,0.21722222222220988,1.0,1
0.0,0.0,1.0,0.0,0.2,0.2,0.0,0.1,0.24236111111109734,0.40965277777775455,0.0,0.009027777777777265,0.6163888888888539,0.9280555555555029,0.0,0.01805555555555453,0
0.0,0.0,0.0,1.0,0.15,0.15,0.1,0.05,0.16981481481480515,0.8244444444443976,0.2738888888888733,0.0,0.2605555555555407,1.0,0.5477777777777466,0.0,0
0.0,1.0,0.0,0.0,0.05,0.0,0.2,0.2,0.0,0.0,0.26826388888887365,0.6113888888888541,0.0,0.0,0.5005555555555271,1.0,2
1.0,0.0,0.0,0.0,0.0,0.1,0.15,0.35,0.0,0.22680555555554266,0.5148148148147855,0.5027380952380667,0.0,0.40611111111108805,1.0,0.8194444444443979,3
1.0,0.0,0.0,0.0,0.05,0.2,0.05,0.2,0.0,0.6763194444444485,0.0,0.17506944444446665,0.0,1.0,0.0,0.2847222222222484,1
1.0,0.0,0.0,0.0,0.05,0.15,0.1,0.15,0.0,1.0,0.4547222222222814,0.10296296296301174,0.0,1.0,0.7811111111111517,0.21638888888896163,1
0.0,0.0,1.0,0.0,0.3,0.0,0.05,0.35,0.3218981481482271,0.0,0.0,0.5552380952381731,0.818888888888944,0.0,0.0,1.0,3
0.0,0.0,0.0,1.0,0.25,0.15,0.2,0.0,0.2596666666667419,0.37611111111124346,0.6482638888890329,0.0,0.5022222222223287,0.7394444444446295,1.0,0.0,0
0.0,1.0,0.0,0.0,0.1,0.0,0.1,0.15,0.061388888888937745,0.0,0.6880555555558004,0.30287037037057823,0.11861111111120551,0.0,1.0,0.44972222222248065,3
0.0,1.0,0.0,0.0,0.15,0.05,0.35,0.25,0.08777777777784763,0.0,0.3250793650794614,0.4036666666668942,0.2633333333335429,0.0,0.7997222222223608,0.5680555555558072,2
0.0,0.0,0.0,1.0,0.3,0.05,0.15,0.0,0.6885648148151855,0.2627777777779869,0.15222222222234336,0.0,1.0,0.2627777777779869,0.33944444444471455,0.0,0
1.0,0.0,0.0,0.0,0.0,0.3,0.25,0.5,0.0,0.3570833333335341,0.7676111111114244,0.6118055555557876,0.0,1.0,1.0,1.0,3
0.0,0.0,0.0,1.0,0.15,0.0,0.1,0.0,0.19648148148163785,0.0,0.9213888888893195,0.0,0.3519444444447245,0.0,1.0,0.0,0
0.0,0.0,1.0,0.0,0.25,0.15,0.05,0.4,0.2398333333335242,0.17611111111125127,0.0,0.4650000000003115,0.5966666666671415,0.2586111111113169,0.0,0.9013888888894058,3
1.0,0.0,0.0,0.0,0.0,0.1,0.2,0.0,0.0,0.03555555555558385,0.6079166666669991,0.0,0.0,0.06944444444449971,1.0,0.0,2
1.0,0.0,0.0,0.0,0.05,0.1,0.2,0.05,0.0,0.3044444444446867,0.3516666666669465,0.0044444444444479815,0.0,0.5794444444449056,0.6561111111116332,0.0044444444444479815,2
0.0,0.0,0.0,1.0,0.2,0.3,0.35,0.0,0.2865972222224503,0.7690277777783063,0.8865873015877945,0.0,0.5338888888893137,1.0,1.0,0.0,2
0.0,0.0,0.0,1.0,0.35,0.25,0.2,0.1,0.44099206349241443,0.34394444444471817,0.2927777777780108,0.0,0.9633333333341,0.6252777777782754,0.7394444444450329,0.0,0
0.0,0.0,1.0,0.0,0.0,0.15,0.0,0.5,0.0,0.2589814814816876,0.0,0.6383888888893501,0.0,0.3361111111113786,0.0,1.0,3
0.0,0.0,1.0,0.0,0.15,0.15,0.05,0.1,0.09055555555562762,0.3826851851854897,0.0,0.13555555555566343,0.13722222222233144,0.8461111111117845,0.0,0.27111111111132685,0
0.0,0.0,1.0,0.0,0.2,0.3,0.0,0.0,0.6199305555560489,1.0,0.0,0.0,0.8672222222229123,1.0,0.0,0.0,1
1.0,0.0,0.0,0.0,0.4,0.3,0.1,0.1,0.3368055555558236,0.36347222222251147,0.1206944444445405,0.34375000000027356,0.8041666666673066,1.0,0.18416666666681322,0.5044444444448459,0
1.0,0.0,0.0,0.0,0.05,0.3,0.35,0.15,0.0,0.6147222222227114,0.5722619047623602,0.25916666666687294,0.0,0.9919444444452339,1.0,0.32083333333358866,2
0.0,0.0,0.0,1.0,0.05,0.3,0.4,0.0,0.0,0.4360185185188655,1.0,0.0,0.0,0.7527777777783768,1.0,0.0,2
0.0,1.0,0.0,0.0,0.2,0.05,0.0,0.05,0.9365972222229676,0.0,0.0,0.1911111111112632,1.0,0.0,0.0,0.1911111111112632,0
1.0,0.0,0.0,0.0,0.05,0.8,0.2,0.2,0.0,0.8473090277784208,0.2814583333335573,0.4284027777781187,0.0,1.0,0.5675000000004516,0.8877777777784843,1
0.0,0.0,1.0,0.0,0.1,0.35,0.15,0.25,0.240277777777969,0.8257539682546253,0.0,0.39261111111142355,0.29972222222246075,1.0,0.0,0.6541666666671873,1
1.0,0.0,0.0,0.0,0.0,0.1,0.0,0.05,0.0,0.13875000000011042,0.0,0.4577777777781421,0.0,0.22361111111128906,0.0,0.4577777777781421,1
0.0,0.0,1.0,0.0,0.15,0.35,0.0,0.1,0.16296296296309265,0.712222222222789,0.0,0.0,0.3613888888891765,1.0,0.0,0.0,1
0.0,1.0,0.0,0.0,0.2,0.1,0.15,0.35,0.2868055555557838,1.0,0.2205555555557311,0.5356746031750295,0.6330555555560593,1.0,0.27611111111133085,0.9875000000007859,3
0.0,1.0,0.0,0.0,0.2,0.0,0.05,0.1,0.047500000000037804,0.0,0.01944444444445992,0.3372222222224906,0.08222222222228766,0.0,0.01944444444445992,0.6744444444449812,0
0.0,1.0,0.0,0.0,0.35,0.0,0.0,0.15,0.21801587301596417,0.0,0.0,0.5642592592595846,0.694722222222604,0.0,0.0,1.0,0
0.0,1.0,0.0,0.0,0.15,0.0,0.45,0.25,0.27092592592590403,0.0,0.49709876543226655,0.8269444444448463,0.4802777777779037,0.0,1.0,1.0,2
1.0,0.0,0.0,0.0,0.1,0.05,0.1,0.2,0.0,0.06472222222216335,0.1430555555554702,0.3002777777778063,0.0,0.06472222222216335,0.2861111111109404,0.9411111111114617,3
0.0,0.0,0.0,1.0,0.3,0.35,0.25,0.0,0.39722222222222475,1.0,0.35444444444441564,0.0,0.9663888888892027,1.0,0.6094444444444742,0.0,1
1.0,0.0,0.0,0.0,0.0,0.05,0.1,0.45,0.0,0.0,0.07374999999993292,0.8535493827161423,0.0,0.0,0.14749999999986585,1.0,3
0.0,0.0,1.0,0.0,0.35,0.0,0.05,0.25,0.3160714285712373,0.0,0.0,1.0,0.8636111111108884,0.0,0.0,1.0,0
0.0,0.0,0.0,1.0,0.65,0.05,0.2,0.05,0.28408119658109404,0.381388888888542,0.22569444444426157,0.0,0.9405555555557138,0.381388888888542,0.6027777777773191,0.0,0
0.0,1.0,0.0,0.0,0.3,0.05,0.8,0.1,0.7079629629626828,0.0,0.6429861111109667,0.05888888888883533,1.0,0.0,1.0,0.11777777777767066,2
1.0,0.0,0.0,0.0,0.0,0.1,0.0,0.0,0.0,0.013472222222222179,0.0,0.0,0.0,0.026944444444444358,0.0,0.0,1
1.0,0.0,0.0,0.0,0.05,0.0,0.0,0.0,0.0,0.0,0.0,0.0,0.0,0.0,0.0,0.0,0
1.0,0.0,0.0,0.0,0.05,0.0,0.0,0.0,0.0,0.0,0.0,0.0,0.0,0.0,0.0,0.0,0
1.0,0.0,0.0,0.0,0.0,0.0,0.0,0.05,0.0,0.0,0.0,0.01888888888888883,0.0,0.0,0.0,0.01888888888888883,3
1.0,0.0,0.0,0.0,0.0,0.05,0.1,0.1,0.0,0.014444444444445132,0.053055555555558166,0.055277777777778675,0.0,0.014444444444445132,0.0816666666666707,0.11055555555555735,2
1.0,0.0,0.0,0.0,0.0,0.1,0.0,0.05,0.0,0.08416666666666815,0.0,0.0,0.0,0.11027777777777918,0.0,0.0,1
0.0,0.0,0.0,1.0,0.05,0.0,0.0,0.0,0.09916666666667157,0.0,0.0,0.0,0.09916666666667157,0.0,0.0,0.0,0
0.0,1.0,0.0,0.0,0.0,0.05,0.1,0.05,0.0,0.0,0.057361111111110384,0.10861111111111293,0.0,0.0,0.0736111111111112,0.10861111111111293,2
0.0,0.0,1.0,0.0,0.05,0.05,0.05,0.25,0.12305555555554856,0.23111111111109947,0.0,0.16233333333332572,0.12305555555554856,0.23111111111109947,0.0,0.3272222222222117,3
0.0,1.0,0.0,0.0,0.0,0.0,0.05,0.05,0.0,0.0,0.05777777777777449,0.20861111111109926,0.0,0.0,0.05777777777777449,0.20861111111109926,2
1.0,0.0,0.0,0.0,0.0,0.05,0.0,0.0,0.0,0.09916666666666103,0.0,0.0,0.0,0.09916666666666103,0.0,0.0,1
0.0,0.0,1.0,0.0,0.15,0.1,0.15,0.1,0.02388888888888753,0.1052777777777718,0.0442592592592576,0.24708333333332327,0.07027777777777379,0.2105555555555436,0.1327777777777728,0.3252777777777673,0
0.0,0.0,1.0,0.0,0.0,0.05,0.15,0.05,0.0,0.09916666666666103,0.0,0.42527777777775366,0.0,0.09916666666666103,0.0,0.42527777777775366,2
0.0,1.0,0.0,0.0,0.0,0.0,0.0,0.05,0.0,0.0,0.0,0.0,0.0,0.0,0.0,0.0,3
0.0,0.0,0.0,1.0,0.25,0.05,0.05,0.0,0.15466666666665793,0.5144444444444167,0.2680555555555404,0.0,0.4063888888888659,0.5144444444444167,0.2680555555555404,0.0,0
1.0,0.0,0.0,0.0,0.1,0.1,0.25,0.1,0.0,0.35097222222220226,0.17172222222221298,0.5137499999999748,0.0,0.4772222222221952,0.36055555555553764,0.5919444444444188,2
0.0,0.0,0.0,1.0,0.0,0.0,0.05,0.0,0.0,0.0,0.0,0.0,0.0,0.0,0.0,0.0,2
0.0,0.0,1.0,0.0,0.05,0.15,0.05,0.15,0.13472222222221455,0.16694444444443496,0.0,0.21953703703702454,0.13472222222221455,0.3324999999999811,0.0,0.6586111111110736,1
0.0,0.0,1.0,0.0,0.0,0.0,0.05,0.0,0.0,0.0,0.0,0.0,0.0,0.0,0.0,0.0,2
0.0,0.0,1.0,0.0,0.1,0.15,0.05,0.1,0.24083333333331977,0.4477777777777525,0.0,0.8304166666666236,0.2419444444444308,0.793888888888844,0.0,0.9086111111110676,1
1.0,0.0,0.0,0.0,0.0,0.05,0.05,0.1,0.0,0.8477777777777312,0.6013888888888549,0.1404166666666588,0.0,0.8477777777777312,0.6013888888888549,0.22222222222220972,3
0.0,1.0,0.0,0.0,0.1,0.05,0.1,0.3,0.2376388888888755,0.0,0.08874999999999501,0.29555555555553886,0.36805555555553476,0.0,0.12861111111110393,0.891944444444394,3
0.0,0.0,1.0,0.0,0.15,0.0,0.0,0.05,0.004722222222221953,0.0,0.0,0.1169444444444378,0.014166666666665861,0.0,0.0,0.1169444444444378,0
0.0,0.0,0.0,1.0,0.0,0.05,0.1,0.0,0.0,1.0,0.4090277777777546,0.0,0.0,1.0,0.8180555555555092,0.0,2
0.0,1.0,0.0,0.0,0.1,0.0,0.1,0.25,0.4741666666666398,0.0,0.1059722222222162,0.5582222222221922,0.4752777777777509,0.0,0.2119444444444324,1.0,3
0.0,0.0,0.0,1.0,0.1,0.25,0.25,0.0,0.5543055555555242,0.49249999999997207,0.2633333333333184,0.0,0.6847222222221834,1.0,0.44527777777775257,0.0,1
1.0,0.0,0.0,0.0,0.0,0.1,0.05,0.2,0.0,0.017361111111110123,0.0,0.17451388888887898,0.0,0.034722222222220246,0.0,0.35027777777775787,3
0.0,0.0,1.0,0.0,0.05,0.15,0.05,0.05,0.07583333333332902,0.47490740740738097,0.0,0.013888888888888099,0.07583333333332902,1.0,0.0,0.013888888888888099,1
0.0,0.0,0.0,1.0,0.15,0.0,0.25,0.0,0.6527777777777408,0.0,0.4793333333333061,0.0,0.8919444444443939,0.0,1.0,0.0,2
0.0,1.0,0.0,0.0,0.05,0.0,0.1,0.45,0.3091666666666491,0.0,0.1220833333333264,0.19645061728393945,0.3091666666666491,0.0,0.23194444444443127,0.5161111111110818,3
0.0,1.0,0.0,0.0,0.15,0.1,0.3,0.0,0.5977777777777439,0.0,0.4555555555555297,0.0,0.9680555555555006,0.0,0.7286111111110698,0.0,2
0.0,0.0,0.0,1.0,0.0,0.3,0.1,0.05,0.0,0.3841203703703488,0.1652777777777684,0.0,0.0,1.0,0.19861111111109983,0.0,1
0.0,0.0,1.0,0.0,0.25,0.05,0.05,0.05,0.5836666666666336,0.11861111111110437,0.0,0.17138888888887915,1.0,0.11861111111110437,0.0,0.17138888888887915,0
0.0,0.0,1.0,0.0,0.25,0.1,0.1,0.0,0.6163333333332983,0.27652777777776205,0.0,0.0,1.0,0.3030555555555383,0.0,0.0,0
0.0,1.0,0.0,0.0,0.0,0.0,0.15,0.1,0.0,0.0,0.3597222222222018,0.13652777777777,0.0,0.0,0.5152777777777485,0.27305555555554,2
0.0,0.0,0.0,1.0,0.15,0.1,0.15,0.0,0.3077777777777994,0.17805555555558783,0.3591666666666745,0.0,0.7258333333333344,0.21583333333336346,0.6486111111111167,0.0,0
1.0,0.0,0.0,0.0,0.1,0.1,0.15,0.05,0.0,0.27111111111123354,0.1098148148148996,0.4547222222223525,0.0,0.40194444444457766,0.19222222222236737,0.4547222222223525,2
0.0,0.0,1.0,0.0,0.15,0.0,0.05,0.15,0.9977777777777493,0.0,0.0,0.21796296296304452,1.0,0.0,0.0,0.5063888888890162,0
1.0,0.0,0.0,0.0,0.0,0.25,0.35,0.0,0.0,0.30888888888902327,0.29607142857151436,0.0,0.0,0.6197222222224141,0.6441666666666971,0.0,2
1.0,0.0,0.0,0.0,0.05,0.2,0.25,0.1,0.0,0.3254166666668709,0.4078888888890467,0.0,0.0,0.549166666666962,0.9819444444447153,0.0,2
0.0,0.0,1.0,0.0,0.15,0.2,0.05,0.05,0.1532407407408627,0.321944444444654,0.0,0.7380555555559113,0.2811111111113348,0.6852777777781365,0.0,0.7380555555559113,1
1.0,0.0,0.0,0.0,0.0,0.05,0.05,0.2,0.0,0.0,0.24611111111130696,0.38229166666690195,0.0,0.0,0.24611111111130696,0.789722222222575,3
0.0,0.0,1.0,0.0,0.05,0.35,0.0,0.1,0.08972222222229362,0.4691269841272779,0.0,0.0956944444445206,0.08972222222229362,0.9530555555560127,0.0,0.1913888888890412,1
0.0,0.0,1.0,0.0,0.15,0.2,0.1,0.3,0.14212962962974274,0.6087500000004298,0.0,0.3959722222224914,0.2586111111113169,0.8325000000005208,0.0,0.9055555555560005,3
0.0,1.0,0.0,0.0,0.25,0.0,0.3,0.1,0.2678333333335465,0.0,0.485000000000247,0.502361111111395,0.5477777777782137,0.0,1.0,1.0,2
0.0,0.0,0.0,1.0,0.0,0.05,0.1,0.05,0.0,0.24638888888908497,0.2868055555557838,0.0,0.0,0.24638888888908497,0.5127777777781859,0.0,2
0.0,0.0,1.0,0.0,0.05,0.1,0.05,0.05,0.10833333333341955,0.3066666666669107,0.0,0.20722222222238712,0.10833333333341955,0.47972222222260397,0.0,0.20722222222238712,1
0.0,0.0,0.0,1.0,0.25,0.3,0.15,0.0,0.33616666666693423,0.6607870370375264,0.16287037037049998,0.0,0.5752777777782356,1.0,0.2980555555557928,0.0,1
0.0,1.0,0.0,0.0,0.05,0.05,0.3,0.2,0.5230555555559718,0.0,0.14662037037048706,0.3297916666669291,0.5230555555559718,0.0,0.5961111111115855,0.6247222222227193,2
0.0,0.0,1.0,0.0,0.35,0.05,0.1,0.15,0.44388888888924216,0.00972222222222996,0.0,0.5700925925929691,0.8644444444451324,0.00972222222222996,0.0,1.0,0
0.0,1.0,0.0,0.0,0.1,0.3,0.1,0.05,0.16250000000012932,0.5462500000004218,0.10680555555564056,0.4238888888892262,0.32500000000025864,1.0,0.18222222222236722,0.4238888888892262,1
0.0,1.0,0.0,0.0,0.6,0.05,0.25,0.05,0.5860879629634294,0.0,0.29744444444468116,0.022777777777795903,0.954166666667426,0.0,0.6147222222227114,0.022777777777795903,0
0.0,0.0,1.0,0.0,0.15,0.1,0.0,0.25,0.31259259259284133,0.17180555555569227,0.0,0.5160555555559662,0.8397222222228905,0.239444444444635,0.0,0.941388888889638,3
1.0,0.0,0.0,0.0,0.05,0.25,0.1,0.2,0.0,0.13361111111121743,0.20569444444460813,0.6870833333338222,0.0,0.34305555555582856,0.20833333333349913,1.0,1
0.0,1.0,0.0,0.0,0.15,0.0,0.15,0.1,0.36666666666695846,0.0,0.3626851851854738,0.39527777777809237,0.6916666666672171,0.0,0.5488888888893257,0.7905555555561847,0
0.0,0.0,0.0,1.0,0.15,0.4,0.05,0.0,0.5730555555560116,0.29506944444467925,0.06861111111116572,0.0,1.0,0.5227777777781938,0.06861111111116572,0.0,1
0.0,1.0,0.0,0.0,0.05,0.05,0.1,0.6,0.13277777777788344,0.0,0.48902777777816697,0.6353472222227086,0.13277777777788344,0.0,0.49166666666705794,1.0,3
1.0,0.0,0.0,0.0,0.05,0.2,0.35,0.15,0.0,0.1620833333334623,0.5592063492067942,0.2818518518520762,0.0,0.42055555555589025,1.0,0.4894444444448339,2
1.0,0.0,0.0,0.0,0.0,0.05,0.2,0.2,0.0,0.0,0.4845138888892745,0.36881944444473796,0.0,0.0,0.8322222222228846,1.0,2
0.0,1.0,0.0,0.0,0.15,0.05,0.2,0.1,0.9397222222229701,0.0,0.1627777777779073,0.12930555555565845,1.0,0.0,0.43527777777812415,0.2586111111113169,2
0.0,0.0,1.0,0.0,0.15,0.3,0.0,0.3,0.09666666666674359,0.3833333333336384,0.0,0.33064814814841126,0.22833333333351505,0.7538888888894888,0.0,0.8227777777784325,1
0.0,0.0,1.0,0.0,0.05,0.05,0.05,0.25,0.10055555555563558,0.1911111111112632,0.0,0.5273888888893086,0.10055555555563558,0.1911111111112632,0.0,1.0,3
0.0,0.0,0.0,1.0,0.05,0.05,0.5,0.0,0.5994444444449211,0.3861111111114179,0.7027222222227812,0.0,0.5994444444449211,0.3861111111114179,1.0,0.0,2
0.0,0.0,1.0,0.0,0.25,0.25,0.05,0.2,0.8136111111114688,0.06622222222217791,0.0,0.3326388888887854,1.0,0.28027777777760243,0.0,0.625277777777877,0
0.0,0.0,0.0,1.0,0.15,0.4,0.05,0.05,0.1652777777777034,0.4973611111112391,0.1855555555553868,0.0,0.3838888888887676,0.9355555555560466,0.1855555555553868,0.0,1
0.0,1.0,0.0,0.0,0.2,0.0,0.05,0.55,0.2847916666665595,0.0,0.0,0.7067424242425491,0.5616666666666016,0.0,0.0,1.0,3
0.0,0.0,1.0,0.0,0.2,0.1,0.0,0.1,0.2580555555555763,0.5419444444442806,0.0,0.05666666666661513,1.0,0.8027777777777056,0.0,0.11333333333323026,0
1.0,0.0,0.0,0.0,0.0,0.3,0.1,0.25,0.0,0.28314814814790384,0.10138888888879667,0.4927777777774889,0.0,0.5636111111106781,0.20277777777759334,0.9086111111109526,1
0.0,1.0,0.0,0.0,0.5,0.0,0.15,0.05,0.742638888888785,0.0,0.24453703703681465,0.414722222221845,1.0,0.0,0.6022222222216745,0.414722222221845,0
1.0,0.0,0.0,0.0,0.1,0.1,0.0,0.2,0.0,0.8086111111107047,0.0,0.20368055555537032,0.0,1.0,0.0,0.3799999999996544,3
0.0,0.0,0.0,1.0,0.5,0.15,0.15,0.0,0.4361944444442107,0.04138888888885125,0.12249999999988859,0.0,1.0,0.12416666666655374,0.25472222222199054,0.0,0
1.0,0.0,0.0,0.0,0.05,0.0,0.0,0.0,0.0,0.0,0.0,0.0,0.0,0.0,0.0,0.0,0
1.0,0.0,0.0,0.0,0.0,0.0,0.0,0.0,0.0,0.0,0.0,0.0,0.0,0.0,0.0,0.0,0
1.0,0.0,0.0,0.0,0.0,0.0,0.0,0.05,0.0,0.0,0.0,0.0,0.0,0.0,0.0,0.0,3
1.0,0.0,0.0,0.0,0.05,0.05,0.0,0.05,0.0,0.0,0.0,0.0,0.0,0.0,0.0,0.0,0
1.0,0.0,0.0,0.0,0.0,0.0,0.0,0.05,0.0,0.0,0.0,0.07527777777778152,0.0,0.0,0.0,0.07527777777778152,3
1.0,0.0,0.0,0.0,0.0,0.15,0.0,0.1,0.0,0.05583333333333608,0.0,0.09708333333333702,0.0,0.07472222222222591,0.0,0.11888888888889478,1
0.0,0.0,0.0,1.0,0.05,0.1,0.0,0.0,0.0,0.0,0.0,0.0,0.0,0.0,0.0,0.0,1
1.0,0.0,0.0,0.0,0.05,0.1,0.0,0.05,0.0,0.14638888888889529,0.0,0.141944444444451,0.0,0.16583333333333983,0.0,0.141944444444451,1
0.0,0.0,0.0,1.0,0.05,0.05,0.05,0.0,0.11666666666666543,0.024722222222220817,0.024444444444443054,0.0,0.11666666666666543,0.024722222222220817,0.024444444444443054,0.0,0
0.0,1.0,0.0,0.0,0.1,0.0,0.05,0.1,0.0766666666666623,0.0,0.0,0.2002777777777737,0.1533333333333246,0.0,0.0,0.35861111111110533,0
0.0,1.0,0.0,0.0,0.0,0.1,0.0,0.2,0.0,0.0,0.0,0.24069444444443538,0.0,0.0,0.0,0.3522222222222149,3
0.0,1.0,0.0,0.0,0.1,0.0,0.05,0.0,0.17638888888887885,0.0,0.006944444444444049,0.0,0.23694444444443097,0.0,0.006944444444444049,0.0,0
1.0,0.0,0.0,0.0,0.0,0.05,0.1,0.0,0.0,0.20805555555554378,0.10736111111110504,0.0,0.0,0.20805555555554378,0.20777777777776602,0.0,2
1.0,0.0,0.0,0.0,0.0,0.0,0.1,0.2,0.0,0.0,0.0701388888888849,0.24993055555554503,0.0,0.0,0.1402777777777698,0.5752777777777598,3
0.0,0.0,0.0,1.0,0.1,0.1,0.1,0.0,0.08472222222221741,0.23944444444443086,0.11569444444443787,0.0,0.13472222222221455,0.2577777777777632,0.1577777777777688,0.0,0
1.0,0.0,0.0,0.0,0.0,0.1,0.1,0.05,0.0,0.0,0.12013888888888209,0.12999999999999262,0.0,0.0,0.24027777777776418,0.12999999999999262,1
0.0,0.0,1.0,0.0,0.0,0.1,0.0,0.05,0.0,0.2747222222222066,0.0,0.11888888888888213,0.0,0.42472222222219813,0.0,0.11888888888888213,1
0.0,0.0,0.0,1.0,0.25,0.05,0.15,0.0,0.22127777777776522,0.09027777777777264,0.22388888888887618,0.0,0.4522222222221966,0.09027777777777264,0.4069444444444213,0.0,0
1.0,0.0,0.0,0.0,0.0,0.2,0.2,0.1,0.0,0.27208333333331786,0.3095833333333157,0.02527777777777634,0.0,0.4744444444444175,0.4074999999999769,0.04194444444444206,1
0.0,1.0,0.0,0.0,0.0,0.0,0.15,0.2,0.0,0.0,0.204629629629618,0.14993055555554705,0.0,0.0,0.4569444444444185,0.34666666666664697,3
0.0,1.0,0.0,0.0,0.15,0.05,0.1,0.35,0.1124999999999936,0.0,0.0,0.32912698412696756,0.21805555555554315,0.0,0.0,0.8077777777777465,3
0.0,1.0,0.0,0.0,0.0,0.0,0.25,0.4,0.0,0.0,0.48322222222219485,0.23114583333332023,0.0,0.0,0.6741666666666286,0.5136111111110819,3
1.0,0.0,0.0,0.0,0.1,0.25,0.15,0.0,0.0,0.3178333333333153,0.5072222222221936,0.0,0.0,0.7158333333332929,0.6902777777777387,0.0,1
0.0,0.0,0.0,1.0,0.0,0.3,0.15,0.0,0.0,0.327592592592574,0.4791666666666396,0.0,0.0,0.6661111111110732,0.740277777777736,0.0,1
0.0,0.0,0.0,1.0,0.2,0.25,0.1,0.0,0.3851388888888671,0.12405555555554851,0.26555555555554045,0.0,0.5449999999999692,0.2977777777777609,0.28222222222220616,0.0,1
0.0,1.0,0.0,0.0,0.2,0.25,0.25,0.0,0.16347222222221294,0.19672222222221106,0.5257222222221923,0.0,0.2586111111110964,0.3811111111110895,1.0,0.0,1
0.0,1.0,0.0,0.0,0.0,0.0,0.15,0.05,0.0,0.0,0.7958333333332882,0.0,0.0,0.0,1.0,0.0,2
0.0,0.0,0.0,1.0,0.15,0.15,0.45,0.05,0.031666666666664865,0.1556481481481393,0.5060802469135516,0.0,0.0949999999999946,0.226388888888876,1.0,0.0,2
0.0,1.0,0.0,0.0,0.25,0.0,0.1,0.05,0.5379444444444139,0.0,0.5488888888888577,0.0,0.8283333333332864,0.0,0.5655555555555234,0.0,0
0.0,0.0,1.0,0.0,0.05,0.1,0.0,0.1,0.04611111111110849,0.048055555555552826,0.0,0.10277777777777193,0.04611111111110849,0.09611111111110565,0.0,0.20555555555554386,1
0.0,1.0,0.0,0.0,0.2,0.1,0.3,0.0,0.44680555555553014,0.0,0.6737499999999618,0.0,0.5419444444444136,0.0,1.0,0.0,2
1.0,0.0,0.0,0.0,0.0,0.1,0.1,0.05,0.0,0.11888888888888213,0.8322222222221749,0.2633333333333184,0.0,0.185555555555545,0.8488888888888406,0.2633333333333184,1
0.0,0.0,1.0,0.0,0.25,0.2,0.0,0.1,0.27177777777776235,0.40423611111108815,0.0,0.1988888888888776,0.47833333333330613,0.6097222222221875,0.0,0.32194444444442616,0
0.0,1.0,0.0,0.0,0.2,0.0,0.05,0.1,0.09006944444443933,0.0,0.0,0.29624999999998314,0.26277777777776284,0.0,0.0,0.42222222222219824,0
0.0,1.0,0.0,0.0,0.05,0.05,0.15,0.05,0.011666666666675951,0.0,0.715370370370358,0.4800000000000009,0.011666666666675951,0.0,1.0,0.4800000000000009,2
0.0,0.0,1.0,0.0,0.35,0.2,0.0,0.1,0.45880952380952283,0.23902777777778159,0.0,0.15055555555557518,0.8586111111110905,0.28583333333334526,0.0,0.23111111111112617,0
1.0,0.0,0.0,0.0,0.0,0.2,0.0,0.2,0.0,0.6727777777778672,0.0,0.28423611111119557,0.0,0.8930555555556324,0.0,0.6052777777778711,1
1.0,0.0,0.0,0.0,0.05,0.05,0.45,0.1,0.0,0.015555555555567934,0.6475925925926728,0.5629166666667765,0.0,0.015555555555567934,1.0,0.6888888888889916,2
0.0,0.0,1.0,0.0,0.45,0.05,0.0,0.1,0.321358024691451,0.17416666666680528,0.0,0.3951388888890128,0.753333333333454,0.17416666666680528,0.0,0.7466666666668798,0
0.0,1.0,0.0,0.0,0.0,0.05,0.25,0.35,0.0,0.0,0.5516666666667567,0.3597222222224275,0.0,0.0,1.0,0.8719444444447499,3
1.0,0.0,0.0,0.0,0.05,0.25,0.0,0.2,0.0,0.5714444444447502,0.0,0.37805555555580633,0.0,0.7191666666670234,0.0,0.6644444444448043,1
0.0,0.0,1.0,0.0,0.05,0.4,0.05,0.1,0.2911111111113428,0.5670138888891171,0.0,0.9462500000004149,0.2911111111113428,1.0,0.0,1.0,1
1.0,0.0,0.0,0.0,0.05,0.25,0.0,0.25,0.0,0.15077777777789778,0.0,0.42561111111137356,0.0,0.5575000000004436,0.0,1.0,1
0.0,0.0,0.0,1.0,0.05,0.05,0.25,0.0,0.12333333333343148,0.20777777777794312,0.8850000000003553,0.0,0.12333333333343148,0.20777777777794312,1.0,0.0,2
0.0,1.0,0.0,0.0,0.1,0.0,0.15,0.25,0.07916666666672967,0.0,0.05055555555559579,0.5483333333337297,0.15833333333345934,0.0,0.0952777777778536,0.981111111111723,3
0.0,1.0,0.0,0.0,0.2,0.05,0.1,0.1,0.1918750000001527,0.0,0.2611111111113189,1.0,0.6577777777783013,0.0,0.3533333333336145,1.0,0
0.0,1.0,0.0,0.0,0.2,0.1,0.05,0.5,0.13458333333344044,0.0,0.03416666666669386,0.7051111111116141,0.3163888888891407,0.0,0.03416666666669386,1.0,3
0.0,0.0,0.0,1.0,0.1,0.3,0.15,0.0,0.2833333333335588,0.3385185185187879,0.3338888888891546,0.0,0.44166666666701815,0.8152777777784266,0.37861111111141244,0.0,1
0.0,0.0,1.0,0.0,0.2,0.05,0.0,0.1,0.1440972222223369,0.5411111111115418,0.0,0.0,0.4566666666670301,0.5411111111115418,0.0,0.0,0
1.0,0.0,0.0,0.0,0.0,0.05,0.25,0.15,0.0,0.19000000000015121,0.21511111111128228,1.0,0.0,0.19000000000015121,0.6200000000004934,1.0,2
1.0,0.0,0.0,0.0,0.15,0.3,0.05,0.1,0.0,0.22078703703721275,0.12972222222232546,0.20402777777794015,0.0,0.8077777777784206,0.12972222222232546,0.22222222222239907,1
0.0,1.0,0.0,0.0,0.3,0.0,0.2,0.05,0.4855092592596456,0.0,0.4950694444448384,0.0,0.9300000000007401,0.0,0.6952777777783311,0.0,0
0.0,0.0,0.0,1.0,0.45,0.1,0.1,0.0,0.36478395061757424,0.3220833333335896,0.2998611111113497,0.0,0.7330555555561389,0.34861111111138854,0.45083333333369213,0.0,0
0.0,0.0,1.0,0.0,0.2,0.15,0.0,0.15,0.010208333333341457,0.1655555555556873,0.0,1.0,0.03611111111113985,0.47333333333371,0.0,1.0,0
0.0,1.0,0.0,0.0,0.15,0.0,0.05,0.2,0.26546296296317423,0.0,0.4463888888892441,0.2603472222224294,0.3113888888891367,0.0,0.4463888888892441,0.5388888888893177,3
1.0,0.0,0.0,0.0,0.0,0.55,0.0,0.25,0.0,0.406742424242748,0.0,1.0,0.0,1.0,0.0,1.0,1
1.0,0.0,0.0,0.0,0.15,0.15,0.25,0.1,0.06462962962968107,0.0,0.692777777778329,0.28347222222244783,0.1194444444445395,0.0,1.0,0.3352777777780446,2
1.0,0.0,0.0,0.0,0.05,0.2,0.1,0.15,0.0,0.3840277777780834,0.6831944444449881,0.12472222222232147,0.0,0.7319444444450269,0.8341666666673305,0.20222222222238315,1
0.0,0.0,0.0,1.0,0.15,0.05,0.1,0.1,0.5321296296300531,0.0,0.3565277777780615,0.0,0.5780555555560156,0.0,0.713055555556123,0.0,0
0.0,1.0,0.0,0.0,0.1,0.0,0.1,0.3,0.13250000000010545,0.0,0.949861111111867,0.2242129629631414,0.2650000000002109,0.0,1.0,0.46888888888926206,3
0.0,0.0,1.0,0.0,0.15,0.4,0.0,0.1,0.3613888888891765,0.39767361111142757,0.0,0.6001388888893665,0.41805555555588825,0.9150000000007281,0.0,0.6519444444449632,1
0.0,1.0,0.0,0.0,0.05,0.05,0.45,0.35,0.0,0.0,0.6030864197535091,1.0,0.0,0.0,1.0,1.0,2
1.0,0.0,0.0,0.0,0.0,0.2,0.15,0.15,0.0,0.0781250000000051,0.3902777777779859,0.12129629629628198,0.0,0.20305555555560298,0.9797222222228877,0.1750000000000251,1
0.0,0.0,0.0,1.0,0.35,0.0,0.1,0.0,0.4596428571429724,0.0,1.0,0.0,0.8266666666670427,0.0,1.0,0.0,0
0.0,1.0,0.0,0.0,0.25,0.0,0.05,0.3,0.4586666666666872,0.0,0.11999999999989086,0.38648148148150885,0.7847222222223347,0.0,0.11999999999989086,1.0,3
0.0,1.0,0.0,0.0,0.0,0.0,0.25,0.25,0.0,0.0,0.394166666666646,0.2576666666664899,0.0,0.0,1.0,0.4416666666664492,2
0.0,0.0,1.0,0.0,0.1,0.25,0.05,0.4,0.23847222222200534,0.2779444444442526,0.0,1.0,0.35611111111078725,0.44166666666649707,0.0,1.0,3
1.0,0.0,0.0,0.0,0.0,0.0,0.3,0.5,0.0,0.0,0.5920833333333725,0.34288888888880437,0.0,0.0,1.0,1.0,3
0.0,0.0,1.0,0.0,0.05,0.0,0.0,0.65,0.05777777777772523,0.0,0.0,1.0,0.05777777777772523,0.0,0.0,1.0,3
0.0,0.0,0.0,1.0,0.35,0.1,0.05,0.05,0.5870634920632708,0.0972222222221338,0.45333333333292103,0.0,1.0,0.13833333333320752,0.45333333333292103,0.0,0
1.0,0.0,0.0,0.0,0.0,0.0,0.0,0.0,0.0,0.0,0.0,0.0,0.0,0.0,0.0,0.0,0
1.0,0.0,0.0,0.0,0.0,0.05,0.0,0.0,0.0,0.010277777777777742,0.0,0.0,0.0,0.010277777777777742,0.0,0.0,1
1.0,0.0,0.0,0.0,0.0,0.05,0.05,0.0,0.0,0.03111111111111101,0.0,0.0,0.0,0.03111111111111101,0.0,0.0,1
1.0,0.0,0.0,0.0,0.0,0.0,0.05,0.05,0.0,0.0,0.0,0.0,0.0,0.0,0.0,0.0,2
1.0,0.0,0.0,0.0,0.0,0.0,0.0,0.05,0.0,0.0,0.0,0.025277777777779033,0.0,0.0,0.0,0.025277777777779033,3
0.0,1.0,0.0,0.0,0.0,0.0,0.1,0.0,0.0,0.0,0.07402777777778143,0.0,0.0,0.0,0.10777777777778311,0.0,2
0.0,0.0,1.0,0.0,0.1,0.15,0.0,0.05,0.034027777777779454,0.06583333333333553,0.0,0.18250000000000643,0.06805555555555891,0.09361111111111256,0.0,0.18250000000000643,1
0.0,1.0,0.0,0.0,0.0,0.0,0.05,0.05,0.0,0.0,0.0,0.09194444444444544,0.0,0.0,0.0,0.09194444444444544,2
0.0,0.0,0.0,1.0,0.0,0.0,0.05,0.0,0.0,0.0,0.0,0.0,0.0,0.0,0.0,0.0,2
0.0,0.0,1.0,0.0,0.05,0.1,0.0,0.05,0.0,0.015694444444443553,0.0,0.27527777777776835,0.0,0.031388888888887106,0.0,0.27527777777776835,1
0.0,0.0,1.0,0.0,0.0,0.0,0.1,0.05,0.0,0.0,0.0,0.15222222222221357,0.0,0.0,0.0,0.15222222222221357,2
0.0,1.0,0.0,0.0,0.15,0.0,0.05,0.1,0.2124999999999903,0.0,0.06277777777777421,0.20791666666666325,0.301388888888879,0.0,0.06277777777777421,0.4158333333333265,0
0.0,0.0,1.0,0.0,0.0,0.0,0.0,0.0,0.0,0.0,0.0,0.0,0.0,0.0,0.0,0.0,0
0.0,1.0,0.0,0.0,0.2,0.0,0.0,0.1,0.05958333333332995,0.0,0.0,0.2669444444444324,0.13472222222221455,0.0,0.0,0.49194444444442276,0
0.0,0.0,1.0,0.0,0.05,0.05,0.0,0.1,0.0,0.1147222222222157,0.0,0.31736111111109305,0.0,0.1147222222222157,0.0,0.41888888888886516,3
1.0,0.0,0.0,0.0,0.1,0.15,0.05,0.1,0.0,0.1194444444444377,0.3294444444444258,0.4538888888888715,0.0,0.22305555555554293,0.3294444444444258,0.682499999999978,1
1.0,0.0,0.0,0.0,0.0,0.05,0.0,0.0,0.0,0.07472222222221797,0.0,0.0,0.0,0.07472222222221797,0.0,0.0,1
1.0,0.0,0.0,0.0,0.05,0.0,0.0,0.15,0.0,0.0,0.0,0.3776851851851658,0.0,0.0,0.0,0.77527777777774,3
0.0,0.0,0.0,1.0,0.05,0.1,0.05,0.0,0.1658333333333239,0.222916666666654,0.0,0.0,0.1658333333333239,0.33138888888887,0.0,0.0,1
0.0,1.0,0.0,0.0,0.15,0.0,0.25,0.15,0.18601851851850795,0.0,0.14677777777776943,0.48666666666664465,0.2330555555555423,0.0,0.5627777777777457,0.9158333333332981,2
0.0,1.0,0.0,0.0,0.0,0.0,0.1,0.2,0.0,0.0,0.006666666666666288,0.27465277777776215,0.0,0.0,0.013333333333332576,0.6272222222221866,3
0.0,1.0,0.0,0.0,0.1,0.0,0.25,0.05,0.2180555555555432,0.0,0.20022222222221095,0.05083333333333044,0.3991666666666441,0.0,0.6499999999999633,0.05083333333333044,2
0.0,0.0,0.0,1.0,0.05,0.0,0.05,0.0,0.22638888888887615,0.0,0.0,0.0,0.22638888888887615,0.0,0.0,0.0,0
0.0,0.0,1.0,0.0,0.2,0.1,0.0,0.25,0.3981944444444219,0.0672222222222184,0.0,0.5222777777777515,0.5163888888888597,0.1344444444444368,0.0,1.0,3
0.0,0.0,0.0,1.0,0.0,0.05,0.15,0.1,0.0,0.1294444444444371,0.17685185185184185,0.0,0.0,0.1294444444444371,0.2799999999999842,0.0,2
1.0,0.0,0.0,0.0,0.05,0.05,0.05,0.05,0.0,0.07555555555555125,0.14277777777776965,0.10111111111110536,0.0,0.07555555555555125,0.14277777777776965,0.10111111111110536,0
0.0,0.0,0.0,1.0,0.2,0.15,0.15,0.0,0.6815277777777392,0.23333333333332007,0.027777777777776198,0.0,0.7997222222221769,0.41777777777775404,0.0833333333333286,0.0,0
0.0,0.0,1.0,0.0,0.1,0.15,0.0,0.1,0.07499999999999574,0.2119444444444324,0.0,0.20277777777776626,0.09055555555555041,0.3961111111110886,0.0,0.21666666666665435,1
0.0,0.0,1.0,0.0,0.15,0.0,0.0,0.2,0.40092592592590315,0.0,0.0,0.22916666666665364,0.7824999999999557,0.0,0.0,0.434166666666642,3
1.0,0.0,0.0,0.0,0.05,0.05,0.1,0.3,0.0,0.2588888888888742,0.1630555555555463,0.6713425925925574,0.0,0.2588888888888742,0.3261111111110926,1.0,3
0.0,1.0,0.0,0.0,0.15,0.0,0.15,0.35,0.20555555555554386,0.0,0.02259259259259131,0.3353968253968063,0.32388888888887046,0.0,0.06777777777777393,0.5827777777777446,3
1.0,0.0,0.0,0.0,0.0,0.2,0.2,0.0,0.0,0.431805555555531,0.2118055555555435,0.0,0.0,0.7011111111110713,0.3666666666666458,0.0,1
0.0,0.0,0.0,1.0,0.3,0.2,0.05,0.0,0.36768518518516424,0.2817361111110951,0.0,0.0,1.0,0.5372222222221917,0.0,0.0,0
0.0,0.0,0.0,1.0,0.1,0.1,0.2,0.0,0.22444444444443168,0.28833333333331695,0.2570138888888743,0.0,0.27444444444442884,0.5755555555555228,0.6427777777777413,0.0,2
0.0,1.0,0.0,0.0,0.35,0.1,0.3,0.0,0.38904761904759694,0.0,0.3540277777777577,0.0,1.0,0.0,0.649999999999963,0.0,0
0.0,0.0,0.0,1.0,0.2,0.05,0.35,0.05,0.4040277777777786,0.17000000000001853,0.32936507936507303,0.0,0.657222222222213,0.17000000000001853,0.7261111111110699,0.0,2
0.0,0.0,1.0,0.0,0.1,0.1,0.0,0.05,0.4911111111111398,0.555000000000025,0.0,0.17944444444449084,0.541111111111137,0.842222222222231,0.0,0.17944444444449084,0
1.0,0.0,0.0,0.0,0.05,0.25,0.1,0.05,0.0,0.5496111111111365,0.14986111111115896,0.0,0.0,0.8705555555555626,0.2338888888889322,0.0,1
1.0,0.0,0.0,0.0,0.0,0.2,0.0,0.05,0.0,0.405138888889003,0.0,0.4127777777780099,0.0,1.0,0.0,0.4127777777780099,1
1.0,0.0,0.0,0.0,0.0,0.15,0.45,0.0,0.0,0.22222222222239907,0.4944753086421674,0.0,0.0,0.3438888888891626,1.0,0.0,2
0.0,1.0,0.0,0.0,0.2,0.05,0.1,0.05,0.10111111111119157,0.0,0.46652777777807763,0.2544444444446469,0.29444444444467877,0.0,0.5505555555558509,0.2544444444446469,0
0.0,0.0,1.0,0.0,0.25,0.15,0.0,0.05,0.6701666666669435,0.28990740740759924,0.0,0.28944444444467476,1.0,0.5366666666669769,0.0,0.28944444444467476,0
0.0,1.0,0.0,0.0,0.05,0.05,0.1,0.1,0.0,0.0,0.12055555555565149,0.3819444444447002,0.0,0.0,0.1208333333334295,0.6794444444448887,2
1.0,0.0,0.0,0.0,0.0,0.15,0.05,0.15,0.0,0.5732407407411579,0.003611111111113985,0.24759259259278962,0.0,0.8200000000005357,0.003611111111113985,0.5727777777782336,1
1.0,0.0,0.0,0.0,0.0,0.1,0.65,0.05,0.0,0.20013888888904816,0.5502991452994329,0.5711111111115657,0.0,0.24527777777797297,1.0,0.5711111111115657,2
0.0,0.0,1.0,0.0,0.3,0.45,0.0,0.05,0.21064814814831578,0.5334876543213196,0.0,0.23138888888907302,0.5027777777781779,1.0,0.0,0.23138888888907302,1
0.0,0.0,1.0,0.0,0.4,0.15,0.0,0.2,0.5556944444447264,0.08111111111117567,0.0,0.3358333333335765,1.0,0.14083333333344542,0.0,0.8961111111117278,0
0.0,1.0,0.0,0.0,0.0,0.0,0.25,0.2,0.0,0.0,0.21050000000016753,0.39222222222253433,0.0,0.0,0.31444444444469466,0.8394444444451125,2
0.0,1.0,0.0,0.0,0.45,0.15,0.1,0.1,0.42262345679045976,0.0,0.0968055555556326,0.32013888888914366,0.8861111111118163,0.0,0.10638888888897355,0.6147222222227114,0
1.0,0.0,0.0,0.0,0.0,0.15,0.05,0.3,0.0,0.4477777777781341,0.0,0.535740740741151,0.0,0.5075000000004039,0.0,1.0,3
0.0,0.0,1.0,0.0,0.0,0.35,0.0,0.1,0.0,0.6843253968259246,0.0,0.6323611111116143,0.0,1.0,0.0,1.0,1
0.0,0.0,1.0,0.0,0.0,0.05,0.05,0.3,0.0,0.0,0.0,0.49060185185224225,0.0,0.0,0.0,1.0,3
0.0,0.0,0.0,1.0,0.05,0.25,0.15,0.0,0.0727777777778357,0.49350000000039274,0.10222222222230357,0.0,0.0727777777778357,0.8241666666673225,0.23138888888907302,0.0,1
0.0,1.0,0.0,0.0,0.1,0.0,0.05,0.1,0.0,0.0,0.03611111111113985,0.9656944444452129,0.0,0.0,0.03611111111113985,1.0,0
0.0,0.0,0.0,1.0,0.05,0.2,0.05,0.0,0.05861111111115776,0.09041666666673862,0.3066666666669107,0.0,0.05861111111115776,0.29222222222245475,0.3066666666669107,0.0,1
1.0,0.0,0.0,0.0,0.0,0.25,0.15,0.15,0.0,0.2622222222224309,0.4333333333336782,0.5850000000004656,0.0,0.4283333333336742,0.5397222222226518,1.0,1
0.0,1.0,0.0,0.0,0.15,0.0,0.2,0.1,0.15638888888901334,0.0,0.3110416666669142,0.053472222222264776,0.3561111111113945,0.0,0.5147222222226319,0.05361111111115378,2
1.0,0.0,0.0,0.0,0.05,0.25,0.05,0.2,0.0,0.13661111111121985,0.26944444444465887,0.6427777777782893,0.0,0.39083333333364434,0.26944444444465887,1.0,1
0.0,1.0,0.0,0.0,0.15,0.0,0.05,0.05,0.10842592592601222,0.0,0.5733333333337896,0.0,0.3252777777780366,0.0,0.5733333333337896,0.0,0
0.0,1.0,0.0,0.0,0.25,0.0,0.2,0.2,0.10655555555564035,0.0,0.6518750000005188,0.7262500000005779,0.1194444444445395,0.0,0.9230555555562902,1.0,0
0.0,0.0,1.0,0.0,0.25,0.0,0.05,0.15,0.24261111111130418,0.0,0.0,0.21342592592609577,0.6227777777782734,0.0,0.0,0.3202777777780327,0
1.0,0.0,0.0,0.0,0.15,0.05,0.25,0.05,0.0,0.0,0.49088888888927956,0.23083333333351702,0.0,0.0,0.8066666666673086,0.23083333333351702,2
0.0,1.0,0.0,0.0,0.05,0.0,0.1,0.3,0.29972222222246075,0.0,0.34083333333360455,0.6870370370375838,0.29972222222246075,0.0,0.6027777777782575,1.0,3
1.0,0.0,0.0,0.0,0.05,0.05,0.2,0.2,0.0,0.0,0.9352083333339066,1.0,0.0,0.0,1.0,1.0,2
0.0,0.0,1.0,0.0,0.15,0.1,0.0,0.35,0.22981481481463784,0.1919444444443241,0.0,0.8115873015877099,0.2899999999998324,0.29722222222206035,0.0,1.0,3
1.0,0.0,0.0,0.0,0.0,0.05,0.1,0.3,0.0,0.0,0.1697222222221439,0.3692592592591941,0.0,0.0,0.3394444444442878,0.6869444444445644,3
0.0,0.0,0.0,1.0,0.1,0.2,0.15,0.0,0.3233333333333372,0.07958333333326095,0.8729629629632308,0.0,0.6330555555555757,0.19055555555538226,1.0,0.0,1
0.0,0.0,1.0,0.0,0.15,0.25,0.05,0.2,0.09249999999991587,0.06255555555549866,0.0,1.0,0.12138888888877848,0.2386111111108941,0.0,1.0,1
0.0,1.0,0.0,0.0,0.15,0.05,0.35,0.05,0.3996296296294648,0.0,0.9488492063493473,0.0024999999999977263,0.8997222222219998,0.0,1.0,0.0024999999999977263,2
0.0,0.0,0.0,1.0,0.2,0.1,0.1,0.0,0.053680555555506736,0.14791666666653214,0.4509722222218881,0.0,0.17111111111095548,0.2958333333330643,0.672777777777318,0.0,0
0.0,0.0,0.0,1.0,0.15,0.15,0.05,0.0,0.596481481480971,0.4037962962959652,0.11277777777767521,0.0,0.6566666666661656,0.6638888888883936,0.11277777777767521,0.0,0
0.0,1.0,0.0,0.0,0.15,0.1,0.1,0.25,0.3758333333329915,0.0,0.08194444444436992,1.0,0.4047222222218541,0.0,0.16388888888873984,1.0,3
